SlotEnum,IdInt,NameString,NameEnum,RarityEnum,NrgInt,AggInt,SpkInt,BrnInt,WeaponTypeEnum,SpecialApInt,SpecialCooldownInt,SecondaryBuffEnum,SecondaryBuffFloat,TertiaryBuffEnum,TertiaryBuffFloat,SwapDescriptionString,EffectDurationInt,AttackView,AttackAngle
Head,1,Camo Hat,CamoHat,Common,0,1,0,0,NA,0,0,Evasion,0.025,NA,0.000,NA,0,NA,0
Body,2,Camo Pants,CamoPants,Common,0,1,0,0,NA,0,0,Evasion,0.025,NA,0.000,NA,0,NA,0
Hand,3,MK2 Grenade,MK2Grenade,Common,0,1,0,0,Splash,10,5,CriticalDamage,0.100,NA,0.000,Hurl these wearables at enemies for some splash damage. Effective against organic matter.,0,Front,0
Head,4,Snow Camo Hat,SnowCamoHat,Uncommon,0,1,1,0,NA,0,0,Evasion,0.050,NA,0.000,NA,0,NA,0
Body,5,Snow Camo Pants,SnowCamoPants,Uncommon,0,1,1,0,NA,0,0,Evasion,0.050,NA,0.000,NA,0,NA,0
Hand,6,M67 Grenade,M67Grenade,Uncommon,0,2,0,0,Splash,10,5,CriticalDamage,0.300,NA,0.000,Hurl these wearables at enemies for some splash damage. Effective against organic matter.,0,Front,0
Head,7,Marine Cap,MarineCap,Rare,0,2,0,1,NA,0,0,ReduceMeleeDamage,0.080,Magnetism,0.250,NA,0,NA,0
Body,8,Marine Jacket,MarineJacket,Rare,0,2,0,1,NA,0,0,ReduceMeleeDamage,0.080,Magnetism,0.250,NA,0,NA,0
Hand,9,Walkie Talkie,WalkieTalkie,Rare,1,0,2,1,Throw,10,5,Magnetism,0.900,NA,0.000,Electrifies on impact to stun your enemies.,0,Front,0
Head,10,Link White Hat,LinkWhiteHat,Legendary,0,2,0,2,NA,0,0,SpecialCostReduction,0.150,Purveying,0.350,NA,0,NA,0
Body,11,Link Mess Dress,LinkMessDress,Legendary,0,2,0,2,NA,0,0,SpecialCostReduction,0.150,Purveying,0.350,NA,0,NA,0
Hand,12,Link Bubbly,LinkBubbly,Legendary,2,0,0,-2,Consume,10,5,CriticalDamage,0.300,DebuffEffectiveness,0.350,Pop bottles. Increases crit chance and crit damage for a short duration.,5,Front,0
Face,13,Sergey Beard,SergeyBeard,Mythical,-1,1,0,3,NA,0,0,ApLeech,0.008,CriticalDamage,0.300,NA,0,NA,0
Eyes,14,Sergey Eyes,SergeyEyes,Mythical,0,0,1,4,NA,0,0,CriticalDamage,0.550,AttackRange,0.150,NA,0,NA,0
Body,15,Red Plaid,RedPlaid,Mythical,3,2,0,0,NA,0,0,ReduceMeleeDamage,0.120,ReduceElementalDamage,0.200,NA,0,NA,0
Body,16,Blue Plaid,BluePlaid,Godlike,-4,-2,0,0,NA,0,0,ReduceMeleeDamage,0.120,ReduceRangedDamage,0.180,NA,0,NA,0
Hand,17,LINK Cube,LINKCube,Godlike,0,0,0,6,Magic,10,5,ApLeech,0.008,AttackRange,0.250,Cast magic projectiles from a distance. Effective against inorganic objects.,0,Front,0
Face,18,Aave Hero Mask,AaveHeroMask,Common,0,0,1,0,NA,0,0,CriticalDamage,0.100,NA,0.000,NA,0,NA,0
Body,19,Aave Hero Shirt,AaveHeroShirt,Common,0,0,1,0,NA,0,0,ReduceRangedDamage,0.060,NA,0.000,NA,0,NA,0
Hand,20,Aave Plush Toy,AavePlushToy,Common,0,0,1,0,Shield,10,5,Evasion,0.025,NA,0.000,Great for bolstering your defence. Medium effectiveness versus all destructible objects.,0,Front,0
Head,21,Captain Aave Mask,CaptainAaveMask,Uncommon,1,0,1,0,NA,0,0,CriticalDamage,0.300,NA,0.000,NA,0,NA,0
Body,22,Captain Aave Suit,CaptainAaveSuit,Uncommon,1,0,1,0,NA,0,0,ReduceMeleeDamage,0.080,NA,0.000,NA,0,NA,0
Hand,23,Captain Aave Shield,CaptainAaveShield,Uncommon,2,0,0,0,Shield,10,5,ReduceElementalDamage,0.200,NA,0.000,Great for bolstering your defence. Medium effectiveness versus all destructible objects.,0,Front,0
Head,24,Thaave Helmet,ThaaveHelmet,Rare,2,0,1,0,NA,0,0,DoubleStrikeChance,0.080,Magnetism,0.250,NA,0,NA,0
Body,25,Thaave Suit,ThaaveSuit,Rare,2,0,1,0,NA,0,0,ReduceRangedDamage,0.180,NA,0.000,NA,0,NA,0
Hand,26,Thaave Hammer,ThaaveHammer,Rare,3,0,0,1,Smash,10,5,ReduceElementalDamage,0.300,NA,0.000,A small powerful sweeping arc to devastate enemies at close range. Extremely effective against inorganic objects.,0,Right,0
Head,27,Marc Hair,MarcHair,Legendary,2,2,0,0,NA,0,0,ApLeech,0.006,SpecialCostReduction,0.150,NA,0,NA,0
Body,28,Marc Outfit,MarcOutfit,Legendary,2,2,0,0,NA,0,0,Evasion,0.050,ReduceRangedDamage,0.120,NA,0,NA,0
Hand,29,REKT Sign,REKTSign,Legendary,0,0,0,-4,Aura,10,5,DoubleStrikeChance,0.080,Piercing,0.250,The fires of FOMO burn brightly! Increase damage dealt and received for nearby allies for a period of time.,30,Front,0
Head,30,Jordan Hair,JordanHair,Mythical,0,-2,3,0,NA,0,0,EssenceLeech,0.004,ReduceRangedDamage,0.120,NA,0,NA,0
Body,31,Jordan Suit,JordanSuit,Mythical,-3,0,1,1,NA,0,0,MoveSpeed,0.150,Purveying,0.350,NA,0,NA,0
Hand,32,Aave Flag,AaveFlag,Mythical,0,-2,3,0,Aura,10,5,Piercing,0.500,Magnetism,0.500,Reduce attack power of nearby enemies for a period of time.,30,Front,0
Head,33,Stani Hair,StaniHair,Godlike,0,-3,0,3,NA,0,0,DoubleStrikeChance,0.120,AttackRange,0.250,NA,0,NA,0
Body,34,Stani Lifejacket,StaniLifejacket,Godlike,3,-3,0,0,NA,0,0,ReduceMeleeDamage,0.120,DebuffEffectiveness,0.650,NA,0,NA,0
Pet,35,Aave Boat,AaveBoat,Godlike,0,-6,0,0,NA,0,0,MoveSpeed,0.150,ReduceMeleeDamage,0.120,NA,0,NA,0
Eyes,36,ETH Logo Glasses,ETHLogoGlasses,Common,0,0,0,-1,NA,0,0,CriticalDamage,0.100,NA,0.000,NA,0,NA,0
Body,37,ETH TShirt,ETHTShirt,Common,0,0,0,-1,NA,0,0,DoubleStrikeChance,0.050,NA,0.000,NA,0,NA,0
Hand,38,32 ETH Coin,_32ETHCoin,Common,0,0,0,-1,Shield,10,5,Magnetism,0.250,NA,0.000,Great for bolstering your defence. Medium effectiveness versus all destructible objects.,0,Front,0
Head,39,Foxy Mask,FoxyMask,Uncommon,0,-2,0,0,NA,0,0,Evasion,0.050,NA,0.000,NA,0,NA,0
Pet,40,Foxy Tail,FoxyTail,Uncommon,0,-1,-1,0,NA,0,0,Evasion,0.050,NA,0.000,NA,0,NA,0
Hand,41,Trezor Wallet,TrezorWallet,Uncommon,-1,-1,0,0,Shield,10,5,ReduceRangedDamage,0.120,NA,0.000,Great for bolstering your defence. Medium effectiveness versus all destructible objects.,0,Front,0
Head,42,Eagle Mask,EagleMask,Rare,1,0,2,0,NA,0,0,Piercing,0.250,DebuffEffectiveness,0.100,NA,0,NA,0
Body,43,Nogara Armor,NogaraArmor,Rare,2,0,1,0,NA,0,0,DebuffEffectiveness,0.650,NA,0.000,NA,0,NA,0
Hand,44,DAO Egg,DAOEgg,Rare,1,0,0,2,Throw,10,5,DebuffEffectiveness,0.650,NA,0.000,Distract enemies with a tasty morsel!,0,Front,0
Head,45,Ape Mask,ApeMask,Legendary,0,1,0,-3,NA,0,0,DoubleStrikeChance,0.080,SpecialCostReduction,0.150,NA,0,NA,0
Body,46,Half Rekt Shirt,HalfRektShirt,Legendary,1,1,0,-2,NA,0,0,CriticalDamage,0.300,Evasion,0.050,NA,0,NA,0
Hand,47,Waifu Pillow,WaifuPillow,Legendary,0,0,0,-4,Shield,10,5,ReduceElementalDamage,0.300,Evasion,0.025,Great for bolstering your defence. Medium effectiveness versus all destructible objects.,0,Front,0
Head,48,Xibot Mohawk,XibotMohawk,Mythical,5,0,0,0,NA,0,0,CriticalDamage,0.550,SpecialCooldownReduction,0.120,NA,0,NA,0
Eyes,49,Coderdan Shades,CoderdanShades,Mythical,0,5,0,0,NA,0,0,EssenceLeech,0.004,SpecialCostReduction,0.150,NA,0,NA,0
Body,50,GldnXross Robe,GldnXrossRobe,Mythical,0,0,5,0,NA,0,0,SpecialCostReduction,0.250,ApLeech,0.006,NA,0,NA,0
Hand,51,Mudgen Diamond,MudgenDiamond,Mythical,0,0,0,5,Magic,10,5,ApLeech,0.008,Magnetism,0.500,Cast magic projectiles from a distance. Effective against inorganic objects.,0,Front,0
Head,52,Galaxy Brain,GalaxyBrain,Godlike,0,0,0,6,NA,0,0,CriticalDamage,0.550,AttackRange,0.250,NA,0,NA,0
Eyes,53,All Seeing Eyes,AllSeeingEyes,Godlike,-6,0,0,0,NA,0,0,SpecialCooldownReduction,0.200,Piercing,0.500,NA,0,NA,0
Body,54,Llamacorn Shirt,LlamacornShirt,Godlike,-3,-3,0,0,NA,0,0,HpLeech,0.005,ReduceElementalDamage,0.300,NA,0,NA,0
Face,55,Aagent Headset,AagentHeadset,Rare,0,1,1,1,NA,0,0,ReduceRangedDamage,0.180,NA,0.000,NA,0,NA,0
Body,56,Aagent Shirt,AagentShirt,Rare,-1,1,1,0,NA,0,0,MoveSpeed,0.150,NA,0.000,NA,0,NA,0
Eyes,57,Aagent Shades,AagentShades,Rare,-1,0,2,0,NA,0,0,DoubleStrikeChance,0.080,CriticalDamage,0.100,NA,0,NA,0
Hand,58,Aagent Pistol,AagentPistol,Rare,0,3,0,0,Ballistic,10,5,Piercing,0.500,NA,0.000,Fire projectiles at your enemies from afar! Effectively destroys crafted objects.,0,Right,0
Head,59,Aagent Fedora Hat,AagentFedoraHat,Rare,-2,0,1,0,NA,0,0,Evasion,0.050,MoveSpeed,0.050,NA,0,NA,0
Head,60,Common Wizard Hat,CommonWizardHat,Common,0,0,0,1,NA,0,0,DoubleStrikeChance,0.050,NA,0.000,NA,0,NA,0
Head,61,Legendary Wizard Hat,LegendaryWizardHat,Legendary,0,0,2,2,NA,0,0,DoubleStrikeChance,0.080,SpecialCostReduction,0.150,NA,0,NA,0
Head,62,Mythical Wizard Hat,MythicalWizardHat,Mythical,0,0,2,3,NA,0,0,DoubleStrikeChance,0.120,SpecialCostReduction,0.150,NA,0,NA,0
Head,63,Godlike Wizard Hat,GodlikeWizardHat,Godlike,0,0,2,4,NA,0,0,DoubleStrikeChance,0.120,SpecialCostReduction,0.250,NA,0,NA,0
Hand,64,Common Wizard Staff,CommonWizardStaff,Common,1,0,0,0,Magic,10,5,ApLeech,0.004,NA,0.000,Cast magic projectiles from a distance. Effective against inorganic objects.,0,Right,0
Hand,65,Legendary Wizard Staff,LegendaryWizardStaff,Legendary,2,0,0,2,Magic,10,5,ApLeech,0.006,AttackRange,0.150,Cast magic projectiles from a distance. Effective against inorganic objects.,0,Right,0
Eyes,66,Wizard Visor,WizardVisor,Common,1,0,0,0,NA,0,0,EssenceLeech,0.002,NA,0.000,NA,0,NA,0
Head,67,Straw Hat,StrawHat,Common,-1,0,0,0,NA,0,0,EssenceLeech,0.002,NA,0.000,NA,0,NA,0
Body,68,Farmer Jeans,FarmerJeans,Common,0,0,0,-1,NA,0,0,ReduceMeleeDamage,0.040,NA,0.000,NA,0,NA,0
Hand,69,Pitchfork,Pitchfork,Common,0,1,0,0,Pierce,10,5,AttackRange,0.080,NA,0.000,Longer reaching melee attacks. Particularly effective at destroying crafted objects.,0,Right,0
Hand,70,Handsaw,Handsaw,Mythical,0,3,0,-2,Cleave,10,5,CriticalDamage,0.550,DebuffEffectiveness,0.350,Cleave weapons have a mid ranged 180 degree attack radius for damaging multiple enemies at close range. Effective against organic matter.,0,Right,0
Head,71,Red Santa Hat,RedSantaHat,Rare,0,-1,-2,0,NA,0,0,DoubleStrikeChance,0.080,ReduceRangedDamage,0.060,NA,0,NA,0
Head,72,Jaay Hairpiece,JaayHairpiece,Mythical,0,0,0,-5,NA,0,0,HpLeech,0.005,Evasion,0.050,NA,0,NA,0
Eyes,73,Jaay Glasses,JaayGlasses,Mythical,-2,-2,0,-1,NA,0,0,ApLeech,0.008,DoubleStrikeChance,0.080,NA,0,NA,0
Body,74,Jaay Suit,JaaySuit,Mythical,-2,0,0,-3,NA,0,0,ReduceElementalDamage,0.300,DebuffEffectiveness,0.350,NA,0,NA,0
Hand,75,OKex Sign,OKexSign,Mythical,-5,0,0,0,Aura,10,5,DoubleStrikeChance,0.120,Magnetism,0.500,Increases evasion of nearby allies for a period of time.,30,Front,0
Hand,76,Big GHST Token,BigGHSTToken,Common,0,0,0,1,Shield,10,5,Purveying,0.100,NA,0.000,Great for bolstering your defence. Medium effectiveness versus all destructible objects.,0,Front,0
Head,77,Bitcoin Beanie,BitcoinBeanie,Uncommon,1,0,0,-1,NA,0,0,CriticalDamage,0.300,NA,0.000,NA,0,NA,0
Body,78,Black Jeans,BlackJeans,Uncommon,0,1,0,-1,NA,0,0,Piercing,0.250,NA,0.000,NA,0,NA,0
Hand,79,Skateboard,Skateboard,Rare,1,0,0,-2,Shield,10,5,MoveSpeed,0.100,Magnetism,0.250,Great for bolstering your defence. Medium effectiveness versus all destructible objects.,0,Front,0
Head,80,Sushi Bandana,SushiBandana,Rare,-1,2,0,0,NA,0,0,HpLeech,0.004,AttackRange,0.080,NA,0,NA,0
Body,81,Sushi Coat,SushiCoat,Rare,-2,1,0,0,NA,0,0,Evasion,0.050,ApLeech,0.004,NA,0,NA,0
Hand,82,Sushi Piece,SushiPiece,Legendary,0,0,-4,0,Throw,10,5,HpLeech,0.004,Magnetism,0.500,Distract enemies with a tasty morsel!,0,Front,0
Hand,83,Sushi Knife,SushiKnife,Rare,0,3,0,0,Cleave,10,5,DoubleStrikeChance,0.120,NA,0.000,Cleave weapons have a mid ranged 180 degree attack radius for damaging multiple enemies at close range. Effective against organic matter.,0,Right,0
Head,84,Gentleman Hat,GentlemanHat,Legendary,-1,-3,0,0,NA,0,0,DoubleStrikeChance,0.080,SpecialCooldownReduction,0.120,NA,0,NA,0
Body,85,Gentleman Coat,GentlemanCoat,Legendary,-1,-3,0,0,NA,0,0,ReduceMeleeDamage,0.080,Piercing,0.250,NA,0,NA,0
Eyes,86,Monocle,Monocle,Mythical,0,-2,0,3,NA,0,0,ApLeech,0.008,Purveying,0.350,NA,0,NA,0
Head,87,Miner Helmet,MinerHelmet,Uncommon,1,0,0,-1,NA,0,0,Purveying,0.350,NA,0.000,NA,0,NA,0
Body,88,Miner Jeans,MinerJeans,Uncommon,1,0,0,-1,NA,0,0,Purveying,0.350,NA,0.000,NA,0,NA,0
Hand,89,Pickaxe,Pickaxe,Rare,1,2,0,0,Cleave,10,5,Purveying,0.650,NA,0.000,Cleave weapons have a mid ranged 180 degree attack radius for damaging multiple enemies at close range. Effective against organic matter.,0,Right,0
Head,90,Pajama Hat,PajamaHat,Common,0,0,-1,0,NA,0,0,ApLeech,0.004,NA,0.000,NA,0,NA,0
Body,91,Pajama Shirt,PajamaShirt,Uncommon,0,-1,-1,0,NA,0,0,ApLeech,0.006,NA,0.000,NA,0,NA,0
Hand,92,Bedtime Milk,BedtimeMilk,Rare,0,-2,-1,0,Consume,10,5,HpLeech,0.005,NA,0.000,Fresh milk from LL's Ranch. Gain a medium HP buff for a short duration.,5,Front,0
Hand,93,Fluffy Pillow,FluffyPillow,Legendary,0,0,-4,0,Shield,10,5,ReduceRangedDamage,0.120,ReduceElementalDamage,0.200,Great for bolstering your defence. Medium effectiveness versus all destructible objects.,0,Front,0
Head,94,Sweatband,Sweatband,Uncommon,2,0,0,0,NA,0,0,CriticalDamage,0.300,NA,0.000,NA,0,NA,0
Body,95,Track Shorts,TrackShorts,Uncommon,1,0,0,-1,NA,0,0,MoveSpeed,0.100,NA,0.000,NA,0,NA,0
Hand,96,Water bottle,Waterbottle,Uncommon,2,0,0,0,Consume,10,5,Evasion,0.050,NA,0.000,High quality H2O. Gain a small HP buff for a short duration.,5,Front,0
Head,97,Pillbox Hat,PillboxHat,Legendary,1,-1,-2,0,NA,0,0,ReduceMeleeDamage,0.120,Evasion,0.025,NA,0,NA,0
Body,98,Day Dress,DayDress,Legendary,1,-1,-2,0,NA,0,0,ReduceMeleeDamage,0.120,ReduceRangedDamage,0.060,NA,0,NA,0
Hand,99,Parasol,Parasol,Mythical,1,-1,-3,0,Pierce,10,5,Piercing,0.500,ReduceElementalDamage,0.200,Longer reaching melee attacks. Particularly effective at destroying crafted objects.,0,Right,0
Hand,100,Clutch,Clutch,Legendary,1,-2,-2,0,Smash,10,5,DoubleStrikeChance,0.080,AttackRange,0.150,A small powerful sweeping arc to devastate enemies at close range. Extremely effective against inorganic objects.,0,Right,0
Head,101,Witchy Hat,WitchyHat,Legendary,0,1,3,0,NA,0,0,CriticalDamage,0.300,DebuffEffectiveness,0.350,NA,0,NA,0
Body,102,Witchy Cloak,WitchyCloak,Legendary,0,1,3,0,NA,0,0,SpecialCostReduction,0.150,AttackRange,0.150,NA,0,NA,0
Hand,103,Witchy Wand,WitchyWand,Mythical,0,2,2,1,Magic,10,5,AttackRange,0.250,ApLeech,0.006,Cast magic projectiles from a distance. Effective against inorganic objects.,0,Right,30
Head,104,Portal Mage Helmet,PortalMageHelmet,Legendary,2,1,1,0,NA,0,0,DoubleStrikeChance,0.080,Piercing,0.250,NA,0,NA,0
Body,105,Portal Mage Armor,PortalMageArmor,Legendary,1,2,2,0,NA,0,0,DebuffEffectiveness,0.350,SpecialCooldownReduction,0.120,NA,0,NA,0
Hand,106,Portal Mage Axe,PortalMageAxe,Legendary,0,4,0,0,Cleave,10,5,HpLeech,0.004,DebuffEffectiveness,0.350,Cleave weapons have a mid ranged 180 degree attack radius for damaging multiple enemies at close range. Effective against organic matter.,0,Right,0
Hand,107,Portal Mage Black Axe,PortalMageBlackAxe,Godlike,0,6,0,0,Cleave,10,5,HpLeech,0.005,DebuffEffectiveness,0.650,Cleave weapons have a mid ranged 180 degree attack radius for damaging multiple enemies at close range. Effective against organic matter.,0,Right,0
Head,108,Rasta Hat,RastaHat,Uncommon,-1,-1,0,0,NA,0,0,EssenceLeech,0.003,NA,0.000,NA,0,NA,0
Body,109,Rasta Shirt,RastaShirt,Uncommon,-1,-1,0,0,NA,0,0,ReduceRangedDamage,0.120,NA,0.000,NA,0,NA,0
Hand,110,Jamaican Flag,JamaicanFlag,Rare,-1,-2,0,0,Aura,10,5,Magnetism,0.900,NA,0.000,Yo wagman chill! Reduce enemy attack power for a period of time.,30,Front,0
Head,111,Hazmat Hood,HazmatHood,Legendary,1,-1,2,0,NA,0,0,SpecialCostReduction,0.150,ReduceRangedDamage,0.120,NA,0,NA,0
Body,112,Hazmat Suit,HazmatSuit,Legendary,2,-2,1,0,NA,0,0,SpecialCostReduction,0.150,ReduceElementalDamage,0.200,NA,0,NA,0
Hand,113,Uranium Rod,UraniumRod,Godlike,6,0,0,0,Consume,10,5,ApLeech,0.008,Magnetism,0.900,Become radioactive. Gain incredible strength and speed for a short duration.,5,Front,0
Body,114,Red Hawaiian Shirt,RedHawaiianShirt,Mythical,-3,-2,0,0,NA,0,0,Evasion,0.075,Magnetism,0.500,NA,0,NA,0
Body,115,Blue Hawaiian Shirt,BlueHawaiianShirt,Legendary,-2,-2,0,0,NA,0,0,Evasion,0.050,Magnetism,0.500,NA,0,NA,0
Hand,116,Coconut,Coconut,Rare,0,0,-3,0,Throw,10,5,SpecialCostReduction,0.250,NA,0.000,Stun your foes on impact!,0,Front,0
Eyes,117,Cool Shades,CoolShades,Common,0,0,0,-1,NA,0,0,DoubleStrikeChance,0.050,NA,0.000,NA,0,NA,0
Hand,118,Water Jug,WaterJug,Legendary,2,0,0,2,Consume,10,5,MoveSpeed,0.100,SpecialCostReduction,0.150,High quality H2O. Gain a large HP buff for a short duration.,5,Front,0
Hand,119,Baby Bottle,BabyBottle,Legendary,0,-1,-3,0,Throw,10,5,HpLeech,0.004,Evasion,0.050,Stun your foes on impact!,0,Front,0
Hand,120,Martini,Martini,Legendary,-1,0,0,-3,Consume,10,5,Evasion,0.050,DebuffEffectiveness,0.350,Shaken not stirred. Increases damage dealt and reduces damage taken for a short duration.,5,Front,0
Hand,121,Wine,Wine,Rare,0,0,0,-3,Consume,10,5,Evasion,0.050,DebuffEffectiveness,0.100,Wine not? Increases damage dealt and reduces damage taken for a short duration.,5,Front,0
Hand,122,Milkshake,Milkshake,Mythical,0,0,-5,0,Consume,10,5,HpLeech,0.005,Evasion,0.050,Pure liquid sugar with a cherry on top. Increases move and attack speed for a short duration.,5,Front,0
Hand,123,Apple Juice,AppleJuice,Uncommon,0,0,-2,0,Consume,10,5,Evasion,0.050,NA,0.000,0% juice. 100% added sugars. Increases move and attack speed for a short duration.,5,Front,0
Head,124,Beer Helmet,BeerHelmet,Mythical,0,0,0,-5,NA,0,0,DoubleStrikeChance,0.120,Piercing,0.250,NA,0,NA,0
Body,125,Track Suit,TrackSuit,Legendary,2,2,0,0,NA,0,0,MoveSpeed,0.100,ReduceRangedDamage,0.120,NA,0,NA,0
Hand,130,Fireball,Fireball,Common,0,1,0,0,Splash,10,5,AttackRange,0.080,NA,0.000,Hurl these wearables at enemies for some splash damage. Effective against organic matter.,0,Front,0
Head,131,Dragon Horns,DragonHorns,Uncommon,0,1,1,0,NA,0,0,DoubleStrikeChance,0.080,NA,0.000,NA,0,NA,0
Body,132,Dragon Wings,DragonWings,Rare,0,2,1,0,NA,0,0,ReduceRangedDamage,0.120,MoveSpeed,0.050,NA,0,NA,0
Head,133,Pointy Horns,PointyHorns,Legendary,0,2,2,0,NA,0,0,DoubleStrikeChance,0.080,ApLeech,0.006,NA,0,NA,0
Hand,134,L2 Sign,L2Sign,Common,0,0,0,1,Aura,10,5,SpecialCooldownReduction,0.050,NA,0.000,Scaling solutions for your whole team. Increase move and attack speed for a period of time.,30,Front,0
Body,135,Polygon Shirt,PolygonShirt,Uncommon,0,0,0,2,NA,0,0,ReduceRangedDamage,0.120,NA,0.000,NA,0,NA,0
Head,136,Polygon Cap,PolygonCap,Rare,0,-1,0,2,NA,0,0,Evasion,0.050,MoveSpeed,0.050,NA,0,NA,0
Hand,137,Vote Sign,VoteSign,Common,0,-1,0,0,Aura,10,5,SpecialCostReduction,0.080,NA,0.000,Vote or die! Increase evasion of nearby allies for a period of time.,30,Front,0
Body,138,Snapshot Shirt,SnapshotShirt,Uncommon,0,-2,0,0,NA,0,0,Purveying,0.350,NA,0.000,NA,0,NA,0
Head,139,Snapshot Cap,SnapshotCap,Rare,0,-3,0,0,NA,0,0,ReduceMeleeDamage,0.080,ApLeech,0.004,NA,0,NA,0
Face,140,Elf Ears,ElfEars,Common,0,0,-1,0,NA,0,0,MoveSpeed,0.050,NA,0.000,NA,0,NA,0
Hand,141,Gemstone Ring,GemstoneRing,Uncommon,0,0,-1,1,Throw,10,5,SpecialCostReduction,0.150,NA,0.000,Drain HP from foes and convert it to AP for you!,0,Front,0
Head,142,Princess Tiara,PrincessTiara,Rare,0,0,-2,1,NA,0,0,AttackRange,0.150,SpecialCostReduction,0.080,NA,0,NA,0
Body,143,Gold Necklace,GoldNecklace,Legendary,2,2,0,0,NA,0,0,SpecialCostReduction,0.150,Purveying,0.350,NA,0,NA,0
Head,144,Princess Hair,PrincessHair,Mythical,0,0,-3,2,NA,0,0,ApLeech,0.008,CriticalDamage,0.300,NA,0,NA,0
Head,145,Godli Locks,GodliLocks,Godlike,0,0,-4,2,NA,0,0,ApLeech,0.008,HpLeech,0.005,NA,0,NA,0
Face,146,Imperial Moustache,ImperialMoustache,Common,-1,0,0,0,NA,0,0,Evasion,0.025,NA,0.000,NA,0,NA,0
Head,147,Tiny Crown,TinyCrown,Uncommon,-1,0,0,-1,NA,0,0,DoubleStrikeChance,0.080,NA,0.000,NA,0,NA,0
Hand,148,Royal Scepter,RoyalScepter,Rare,-2,0,0,-1,Smash,10,5,AttackRange,0.250,NA,0.000,A small powerful sweeping arc to devastate enemies at close range. Extremely effective against inorganic objects.,0,Front,0
Head,149,Royal Crown,RoyalCrown,Legendary,-2,0,0,-2,NA,0,0,DoubleStrikeChance,0.080,Purveying,0.350,NA,0,NA,0
Body,150,Royal Robes,RoyalRobes,Mythical,-3,0,0,-2,NA,0,0,HpLeech,0.005,SpecialCooldownReduction,0.120,NA,0,NA,0
Pet,151,Common Rofl,CommonRofl,Common,0,0,0,-1,NA,0,0,DoubleStrikeChance,0.050,NA,0.000,NA,0,NA,0
Pet,152,Uncommon Rofl,UncommonRofl,Uncommon,-1,0,0,-1,NA,0,0,DoubleStrikeChance,0.080,NA,0.000,NA,0,NA,0
Pet,153,Rare Rofl,RareRofl,Rare,-1,0,0,-2,NA,0,0,DoubleStrikeChance,0.080,AttackRange,0.080,NA,0,NA,0
Pet,154,Legendary Rofl,LegendaryRofl,Legendary,-2,0,0,-2,NA,0,0,DoubleStrikeChance,0.080,AttackRange,0.150,NA,0,NA,0
Pet,155,Mythical Rofl,MythicalRofl,Mythical,-2,0,0,-3,NA,0,0,DoubleStrikeChance,0.120,AttackRange,0.150,NA,0,NA,0
Pet,156,Royal Rofl,RoyalRofl,Godlike,-3,0,0,-3,NA,0,0,DoubleStrikeChance,0.120,AttackRange,0.250,NA,0,NA,0
Face,157,Lil Pump Goatee,LilPumpGoatee,Uncommon,1,1,0,0,NA,0,0,SpecialCostReduction,0.150,NA,0.000,NA,0,NA,0
Hand,158,Lil Pump Drank,LilPumpDrank,Rare,1,2,0,0,Consume,10,5,DebuffEffectiveness,0.650,NA,0.000,Pure purple sizzurp. Increases crit chance and crit damage for a short duration.,5,Front,0
Eyes,159,Lil Pump Shades,LilPumpShades,Legendary,0,3,1,0,NA,0,0,CriticalDamage,0.300,MoveSpeed,0.100,NA,0,NA,0
Body,160,Lil Pump Threads,LilPumpThreads,Mythical,5,0,0,0,NA,0,0,HpLeech,0.005,ReduceRangedDamage,0.120,NA,0,NA,0
Head,161,Lil Pump Dreads,LilPumpDreads,Godlike,4,2,0,0,NA,0,0,EssenceLeech,0.004,ApLeech,0.008,NA,0,NA,0
Eyes,199,Steampunk Goggles,SteampunkGoggles,Rare,0,0,3,0,NA,0,0,CriticalDamage,0.300,Purveying,0.100,NA,0,NA,0
Body,200,Steampunk Trousers,SteampunkTrousers,Uncommon,0,0,2,0,NA,0,0,CriticalDamage,0.300,NA,0.000,NA,0,NA,0
Hand,201,Mechanical Claw,MechanicalClaw,Legendary,0,2,2,0,Pierce,10,5,Piercing,0.500,SpecialCostReduction,0.080,Longer reaching melee attacks. Particularly effective at destroying crafted objects.,0,Right,90
Eyes,202,VR Headset,VRHeadset,Mythical,2,3,0,0,NA,0,0,DebuffEffectiveness,0.650,SpecialCostReduction,0.150,NA,0,NA,0
Body,203,Gamer Jacket,GamerJacket,Rare,1,2,0,0,NA,0,0,ApLeech,0.006,Evasion,0.025,NA,0,NA,0
Hand,204,Game Controller,GameController,Uncommon,1,1,0,0,Throw,10,5,SpecialCostReduction,0.150,NA,0.000,Stun your foes on impact!,0,Front,0
Hand,205,Gotchi Mug,GotchiMug,Common,1,0,0,0,Consume,10,5,MoveSpeed,0.050,NA,0.000,Guaranteed to perk you right up. Increase move and attack speed for a short duration.,5,Front,0
Head,206,Biker Helmet,BikerHelmet,Rare,0,2,0,1,NA,0,0,ReduceMeleeDamage,0.080,MoveSpeed,0.050,NA,0,NA,0
Body,207,Biker Jacket,BikerJacket,Uncommon,0,2,0,0,NA,0,0,ReduceMeleeDamage,0.080,NA,0.000,NA,0,NA,0
Eyes,208,Aviators,Aviators,Uncommon,0,0,2,0,NA,0,0,CriticalDamage,0.300,NA,0.000,NA,0,NA,0
Face,209,Horseshoe Mustache,HorseshoeMustache,Legendary,-2,0,2,0,NA,0,0,DoubleStrikeChance,0.080,Magnetism,0.500,NA,0,NA,0
Head,211,Guy Fawkes Mask,GuyFawkesMask,Common,0,0,1,0,NA,0,0,Evasion,0.025,NA,0.000,NA,0,NA,0
Hand,212,1337 Laptop,_1337Laptop,Mythical,-2,0,0,3,Throw,10,5,ReduceElementalDamage,0.300,Purveying,0.350,Electrifies on impact to stun your enemies.,0,Front,0
Body,213,H4xx0r Shirt,H4xx0rShirt,Legendary,-4,0,0,0,NA,0,0,Purveying,0.350,ApLeech,0.006,NA,0,NA,0
Eyes,214,Matrix Eyes,MatrixEyes,Godlike,-3,-3,0,0,NA,0,0,Evasion,0.075,ReduceElementalDamage,0.300,NA,0,NA,0
Eyes,215,Cyborg Eye,CyborgEye,Legendary,2,2,0,0,NA,0,0,DebuffEffectiveness,0.650,DoubleStrikeChance,0.050,NA,0,NA,0
Face,216,Rainbow Vomit,RainbowVomit,Mythical,0,0,-5,0,NA,0,0,DoubleStrikeChance,0.080,DebuffEffectiveness,0.650,NA,0,NA,0
Hand,217,Energy Gun,EnergyGun,Mythical,2,3,0,0,Magic,10,5,ApLeech,0.008,Magnetism,0.500,Cast magic projectiles from a distance. Effective against inorganic objects.,0,Right,90
Head,218,Mohawk,Mohawk,Uncommon,1,1,0,0,NA,0,0,CriticalDamage,0.300,NA,0.000,NA,0,NA,0
Face,219,Mutton Chops,MuttonChops,Rare,0,0,2,-1,NA,0,0,CriticalDamage,0.300,Piercing,0.100,NA,0,NA,0
Body,220,Punk Shirt,PunkShirt,Legendary,1,3,0,0,NA,0,0,SpecialCostReduction,0.150,DoubleStrikeChance,0.080,NA,0,NA,0
Head,221,Pirate Hat,PirateHat,Common,0,0,0,-1,NA,0,0,Purveying,0.100,NA,0.000,NA,0,NA,0
Body,222,Pirate Coat,PirateCoat,Uncommon,0,0,1,-1,NA,0,0,Purveying,0.350,NA,0.000,NA,0,NA,0
Hand,223,Hook Hand,HookHand,Uncommon,0,0,1,-1,Pierce,10,5,Piercing,0.250,NA,0.000,Longer reaching melee attacks. Particularly effective at destroying crafted objects.,0,Right,90
Eyes,224,Pirate Patch,PiratePatch,Rare,0,0,2,-1,NA,0,0,EssenceLeech,0.003,DoubleStrikeChance,0.050,NA,0,NA,0
Hand,225,Basketball,Basketball,Common,1,0,0,0,Ballistic,10,5,DoubleStrikeChance,0.050,NA,0.000,Fire projectiles at your enemies from afar! Effectively destroys crafted objects.,0,Right,0
Head,226,Red Headband,RedHeadband,Rare,2,-1,0,0,NA,0,0,MoveSpeed,0.100,Evasion,0.025,NA,0,NA,0
Body,227,23 Jersey,_23Jersey,Rare,1,-2,0,0,NA,0,0,ReduceElementalDamage,0.200,SpecialCostReduction,0.080,NA,0,NA,0
Head,228,10 Gallon Hat,_10GallonHat,Common,0,0,0,1,NA,0,0,AttackRange,0.080,NA,0.000,NA,0,NA,0
Hand,229,Lasso,Lasso,Uncommon,0,1,0,1,Throw,10,5,EssenceLeech,0.003,NA,0.000,Stun your foes on impact!,0,Front,0
Body,230,Wraangler Jeans,WraanglerJeans,Common,0,1,0,0,NA,0,0,ApLeech,0.004,NA,0.000,NA,0,NA,0
Body,231,Comfy Poncho,ComfyPoncho,Uncommon,-2,0,0,0,NA,0,0,ReduceMeleeDamage,0.080,NA,0.000,NA,0,NA,0
Head,232,Poncho Hoodie,PonchoHoodie,Common,-1,0,0,0,NA,0,0,Evasion,0.025,NA,0.000,NA,0,NA,0
Pet,233,Uncommon Cacti,UncommonCacti,Uncommon,0,0,-1,1,NA,0,0,HpLeech,0.004,NA,0.000,NA,0,NA,0
Body,234,Shaaman Poncho,ShaamanPoncho,Mythical,-5,0,0,0,NA,0,0,ReduceMeleeDamage,0.120,ReduceRangedDamage,0.120,NA,0,NA,0
Head,235,Shaaman Hoodie,ShaamanHoodie,Legendary,-4,0,0,0,NA,0,0,Evasion,0.050,ReduceElementalDamage,0.200,NA,0,NA,0
Pet,236,Blue Cacti,BlueCacti,Rare,0,0,-1,2,NA,0,0,HpLeech,0.004,ReduceMeleeDamage,0.040,NA,0,NA,0
Pet,237,Mythical Cacti,MythicalCacti,Mythical,0,0,-2,3,NA,0,0,HpLeech,0.005,ReduceMeleeDamage,0.080,NA,0,NA,0
Pet,238,Godlike Cacti,GodlikeCacti,Godlike,0,0,-3,3,NA,0,0,HpLeech,0.005,ReduceMeleeDamage,0.120,NA,0,NA,0
Head,239,Wagie Cap,WagieCap,Uncommon,0,-2,0,0,NA,0,0,Magnetism,0.500,NA,0.000,NA,0,NA,0
Face,240,Headphones,Headphones,Uncommon,0,-2,0,0,NA,0,0,Purveying,0.350,NA,0.000,NA,0,NA,0
Body,241,WGMI Shirt,WGMIShirt,Rare,0,-3,0,0,NA,0,0,ReduceMeleeDamage,0.080,Piercing,0.100,NA,0,NA,0
Head,242,Yellow Manbun,YellowManbun,Legendary,-2,-2,0,0,NA,0,0,DoubleStrikeChance,0.080,AttackRange,0.150,NA,0,NA,0
Eyes,243,Tinted Shades,TintedShades,Rare,0,-3,0,0,NA,0,0,ReduceRangedDamage,0.120,ReduceElementalDamage,0.100,NA,0,NA,0
Body,244,V-Neck Shirt,VNeckShirt,Rare,0,-3,0,0,NA,0,0,Evasion,0.050,SpecialCostReduction,0.080,NA,0,NA,0
Head,245,Gecko Hat,GeckoHat,Rare,0,0,-3,0,NA,0,0,SpecialCostReduction,0.150,Piercing,0.100,NA,0,NA,0
Eyes,246,APY Shades,APYShades,Uncommon,1,0,0,1,NA,0,0,Purveying,0.350,NA,0.000,NA,0,NA,0
Hand,247,Up Arrow,UpArrow,Uncommon,1,0,0,1,Aura,10,5,MoveSpeed,0.100,NA,0.000,Up Only! Increase crit chance and crit damage of nearby allies for a period of time.,30,Front,0
Body,248,Up Only Shirt,UpOnlyShirt,Uncommon,1,0,0,1,NA,0,0,ApLeech,0.006,NA,0.000,NA,0,NA,0
Eyes,249,Gecko Eyes,GeckoEyes,Rare,0,0,-2,-1,NA,0,0,SpecialCooldownReduction,0.120,Purveying,0.100,NA,0,NA,0
Body,250,CoinGecko Tee,CoinGeckoTee,Rare,0,0,-2,-1,NA,0,0,CriticalDamage,0.300,DebuffEffectiveness,0.100,NA,0,NA,0
Hand,251,Candy Jaar,CandyJaar,Rare,0,0,-1,-2,Throw,10,5,EssenceLeech,0.003,MoveSpeed,0.050,Distract enemies with some tasty treats!,0,Front,0
Head,252,Aastronaut Helmet,AastronautHelmet,Common,0,0,1,0,NA,0,0,ReduceElementalDamage,0.100,NA,0.000,NA,0,NA,0
Body,253,Aastronaut Suit,AastronautSuit,Common,0,0,1,0,NA,0,0,ReduceRangedDamage,0.060,NA,0.000,NA,0,NA,0
Hand,254,uGOTCHI Token,uGOTCHIToken,Common,0,0,1,0,Shield,10,5,ReduceMeleeDamage,0.040,NA,0.000,Great for bolstering your defence. Medium effectiveness versus all destructible objects.,0,Front,0
Head,255,Space Helmet,SpaceHelmet,Legendary,2,-2,0,0,NA,0,0,EssenceLeech,0.003,Magnetism,0.500,NA,0,NA,0
Body,256,Lil Bubble Space Suit,LilBubbleSpaceSuit,Legendary,2,-2,0,0,NA,0,0,HpLeech,0.004,Purveying,0.350,NA,0,NA,0
Hand,257,Bitcoin Guitar,BitcoinGuitar,Legendary,4,0,0,0,Smash,10,5,DoubleStrikeChance,0.080,CriticalDamage,0.300,A small powerful sweeping arc to devastate enemies at close range. Extremely effective against inorganic objects.,0,Front,0
Body,258,Taoist Robe,TaoistRobe,Godlike,-3,0,0,3,NA,0,0,SpecialCostReduction,0.250,Evasion,0.075,NA,0,NA,0
Eyes,259,Bushy Eyebrows,BushyEyebrows,Godlike,-3,0,0,3,NA,0,0,AttackRange,0.250,Piercing,0.500,NA,0,NA,0
Face,260,Beard of Wisdom,BeardofWisdom,Godlike,-2,0,0,4,NA,0,0,CriticalDamage,0.550,DebuffEffectiveness,0.650,NA,0,NA,0
Pet,261,Aantenna Bot,AantennaBot,Mythical,0,-2,0,3,NA,0,0,ReduceRangedDamage,0.180,ApLeech,0.006,NA,0,NA,0
Eyes,262,Radar Eyes,RadarEyes,Mythical,0,-2,0,3,NA,0,0,ReduceRangedDamage,0.180,AttackRange,0.150,NA,0,NA,0
Face,263,Signal Headset,SignalHeadset,Mythical,0,-2,0,3,NA,0,0,Magnetism,0.900,AttackRange,0.150,NA,0,NA,0
Head,292,Brunette Ponytail,BrunettePonytail,Common,0,-1,0,0,NA,0,0,DoubleStrikeChance,0.050,NA,0.000,NA,0,NA,0
Body,293,Leather Tunic,LeatherTunic,Common,-1,0,0,0,NA,0,0,DoubleStrikeChance,0.050,NA,0.000,NA,0,NA,0
Hand,294,Bow and Arrow,BowandArrow,Common,0,-1,0,0,Ballistic,10,5,Piercing,0.100,NA,0.000,Fire projectiles at your enemies from afar! Effectively destroys crafted objects.,0,Right,0
Face,295,Forked Beard,ForkedBeard,Common,0,1,0,0,NA,0,0,CriticalDamage,0.100,NA,0.000,NA,0,NA,0
Hand,296,Double-sided Axe,DoublesidedAxe,Uncommon,0,1,0,-1,Cleave,10,5,MoveSpeed,0.100,NA,0.000,Cleave weapons have a mid ranged 180 degree attack radius for damaging multiple enemies at close range. Effective against organic matter.,0,Right,-45
Body,297,Animal Skins,AnimalSkins,Uncommon,0,2,0,0,NA,0,0,CriticalDamage,0.300,NA,0.000,NA,0,NA,0
Head,298,Horned Helmet,HornedHelmet,Common,0,0,0,-1,NA,0,0,CriticalDamage,0.100,NA,0.000,NA,0,NA,0
Hand,299,Longbow,Longbow,Uncommon,0,-1,0,1,Ballistic,10,5,DoubleStrikeChance,0.080,NA,0.000,Fire projectiles at your enemies from afar! Effectively destroys crafted objects.,0,Right,0
Head,300,Feathered Cap,FeatheredCap,Uncommon,-1,0,-1,0,NA,0,0,Evasion,0.050,NA,0.000,NA,0,NA,0
Eyes,301,Alluring Eyes,AlluringEyes,Rare,0,-2,0,1,NA,0,0,AttackRange,0.150,ReduceMeleeDamage,0.040,NA,0,NA,0
Head,302,Geisha Headpiece,GeishaHeadpiece,Rare,-2,-1,0,0,NA,0,0,ReduceRangedDamage,0.120,Magnetism,0.250,NA,0,NA,0
Body,303,Kimono,Kimono,Rare,-1,-2,0,0,NA,0,0,MoveSpeed,0.100,Magnetism,0.250,NA,0,NA,0
Hand,304,Paper Fan,PaperFan,Rare,0,-3,0,0,Shield,10,5,Evasion,0.050,MoveSpeed,0.050,Great for bolstering your defence. Medium effectiveness versus all destructible objects.,0,Front,0
Pet,305,Sus Butterfly,SusButterfly,Legendary,0,4,0,0,NA,0,0,MoveSpeed,0.100,EssenceLeech,0.003,NA,0,NA,0
Face,306,Flower Studs,FlowerStuds,Legendary,-2,0,-2,0,NA,0,0,ApLeech,0.006,SpecialCostReduction,0.150,NA,0,NA,0
Body,307,Fairy Wings,FairyWings,Legendary,-2,0,-2,0,NA,0,0,MoveSpeed,0.100,Purveying,0.350,NA,0,NA,0
Head,308,Red Hair,RedHair,Legendary,-2,0,-2,0,NA,0,0,AttackRange,0.150,Piercing,0.250,NA,0,NA,0
Head,309,Citaadel Helm,CitaadelHelm,Mythical,3,-2,0,0,NA,0,0,ReduceMeleeDamage,0.120,ReduceRangedDamage,0.120,NA,0,NA,0
Body,310,Plate Armor,PlateArmor,Mythical,3,-2,0,0,NA,0,0,ReduceMeleeDamage,0.120,ReduceElementalDamage,0.200,NA,0,NA,0
Hand,311,Spirit Sword,SpiritSword,Mythical,2,-3,0,0,Cleave,10,5,EssenceLeech,0.004,AttackRange,0.150,Cleave weapons have a mid ranged 180 degree attack radius for damaging multiple enemies at close range. Effective against organic matter.,0,Right,0
Hand,312,Plate Shield,PlateShield,Mythical,0,-5,0,0,Shield,10,5,ReduceRangedDamage,0.180,ReduceMeleeDamage,0.080,Great for bolstering your defence. Medium effectiveness versus all destructible objects.,0,Front,0
Head,313,Kabuto Helmet,KabutoHelmet,Godlike,0,3,3,0,NA,0,0,CriticalDamage,0.550,EssenceLeech,0.004,NA,0,NA,0
Body,314,Yoroi Armor,YoroiArmor,Godlike,0,3,3,0,NA,0,0,CriticalDamage,0.550,Evasion,0.075,NA,0,NA,0
Hand,315,Haanzo Katana,HaanzoKatana,Godlike,0,2,4,0,Cleave,10,5,EssenceLeech,0.004,DoubleStrikeChance,0.120,Cleave weapons have a mid ranged 180 degree attack radius for damaging multiple enemies at close range. Effective against organic matter.,0,Right,0
Body,350,Pixelcraft Tee,PixelcraftTee,Common,1,0,0,0,NA,0,0,MoveSpeed,0.050,NA,0.000,NA,0,NA,0
Eyes,351,3D Glasses,_3DGlasses,Common,0,0,0,1,NA,0,0,Magnetism,0.250,NA,0.000,NA,0,NA,0
Hand,352,Pixelcraft Square,PixelcraftSquare,Common,0,0,-1,0,Throw,10,5,ApLeech,0.004,NA,0.000,Stun your foes on impact!,0,Front,0
Pet,353,Nimbus,Nimbus,Common,0,-1,0,0,NA,0,0,MoveSpeed,0.050,NA,0.000,NA,0,NA,0
Body,354,Alchemica Apron,AlchemicaApron,Uncommon,1,0,0,-1,NA,0,0,SpecialCostReduction,0.150,NA,0.000,NA,0,NA,0
Eyes,355,Safety Glasses,SafetyGlasses,Rare,1,2,0,0,NA,0,0,Piercing,0.250,ReduceMeleeDamage,0.040,NA,0,NA,0
Face,356,Bandage,Bandage,Uncommon,0,0,1,-1,NA,0,0,ReduceMeleeDamage,0.080,NA,0.000,NA,0,NA,0
Hand,357,Nail Gun,NailGun,Rare,1,0,2,0,Ballistic,10,5,DoubleStrikeChance,0.120,NA,0.000,Fire projectiles at your enemies from afar! Effectively destroys crafted objects.,0,Right,0
Body,358,Flaming Apron,FlamingApron,Legendary,-2,-2,0,0,NA,0,0,ReduceRangedDamage,0.120,ReduceElementalDamage,0.200,NA,0,NA,0
Eyes,359,Forge Goggles,ForgeGoggles,Legendary,-1,-3,0,0,NA,0,0,Purveying,0.650,ReduceMeleeDamage,0.040,NA,0,NA,0
Hand,360,Geode Smasher,GeodeSmasher,Legendary,0,0,2,2,Smash,10,5,DoubleStrikeChance,0.080,Purveying,0.350,A small powerful sweeping arc to devastate enemies at close range. Extremely effective against inorganic objects.,0,Right,0
Pet,361,Geo,Geo,Legendary,0,-2,2,0,NA,0,0,ReduceMeleeDamage,0.080,Purveying,0.350,NA,0,NA,0
Body,362,FAKE Shirt,FAKEShirt,Mythical,0,0,-4,-1,NA,0,0,Magnetism,0.900,Piercing,0.500,NA,0,NA,0
Head,363,FAKE Beret,FAKEBeret,Mythical,-3,0,0,-2,NA,0,0,DoubleStrikeChance,0.120,DebuffEffectiveness,0.350,NA,0,NA,0
Hand,364,Paint Brush,PaintBrush,Mythical,-3,0,-2,0,Splash,10,5,DebuffEffectiveness,0.650,CriticalDamage,0.300,Hurl these wearables at enemies for some splash damage. Effective against organic matter.,0,Front,0
Hand,365,Paint Palette,PaintPalette,Mythical,0,0,-1,-4,Throw,10,5,DebuffEffectiveness,0.650,ReduceElementalDamage,0.200,Reduce enemy accuracy on impact.,0,Front,0
Body,366,Heavenly Robes,HeavenlyRobes,Godlike,4,0,0,-2,NA,0,0,HpLeech,0.005,ReduceRangedDamage,0.120,NA,0,NA,0
Eyes,367,Eyes of Devotion,EyesofDevotion,Godlike,0,0,-3,-3,NA,0,0,ApLeech,0.008,CriticalDamage,0.550,NA,0,NA,0
Face,368,Beard of Divinity,BeardofDivinity,Godlike,0,0,-3,-3,NA,0,0,DoubleStrikeChance,0.120,SpecialCooldownReduction,0.200,NA,0,NA,0
Hand,369,Staff of Creation,StaffofCreation,Godlike,0,0,-3,-3,Smash,10,5,MoveSpeed,0.150,DoubleStrikeChance,0.120,A small powerful sweeping arc to devastate enemies at close range. Extremely effective against inorganic objects.,0,Front,0
Head,370,Wavy Hair,WavyHair,Common,1,0,0,0,NA,0,0,EssenceLeech,0.002,NA,0.000,NA,0,NA,0
Face,371,Plastic Earrings,PlasticEarrings,Common,1,0,0,0,NA,0,0,ApLeech,0.004,NA,0.000,NA,0,NA,0
Body,372,Party Dress,PartyDress,Common,0,0,0,1,NA,0,0,HpLeech,0.003,NA,0.000,NA,0,NA,0
Body,373,Overalls,Overalls,Uncommon,0,0,-2,0,NA,0,0,MoveSpeed,0.100,NA,0.000,NA,0,NA,0
Pet,374,Lens n Frens Plant,LensnFrensPlant,Rare,2,0,0,-1,NA,0,0,ApLeech,0.008,NA,0.000,NA,0,NA,0
Hand,375,GM Seeds,GMSeeds,Common,0,0,-1,0,Consume,10,5,ApLeech,0.004,NA,0.000,Eat seeds. Smash baddies. Gain AP. Repeat.,5,Front,0
Head,376,Lick Brain,LickBrain,Rare,0,2,0,-1,NA,0,0,ReduceMeleeDamage,0.080,DebuffEffectiveness,0.100,NA,0,NA,0
Eyes,377,Lick Eyes,LickEyes,Uncommon,0,0,-2,0,NA,0,0,DoubleStrikeChance,0.080,NA,0.000,NA,0,NA,0
Face,378,Lick Tongue,LickTongue,Rare,0,0,-3,0,NA,0,0,Purveying,0.350,SpecialCooldownReduction,0.050,NA,0,NA,0
Hand,379,Lick Tentacle,LickTentacle,Rare,-3,0,0,0,Smash,10,5,DoubleStrikeChance,0.120,NA,0.000,A small powerful sweeping arc to devastate enemies at close range. Extremely effective against inorganic objects.,0,Front,0
Head,380,Sebastien Hair,SebastienHair,Legendary,2,0,-2,0,NA,0,0,ApLeech,0.006,Magnetism,0.500,NA,0,NA,0
Eyes,381,Voxel Eyes,VoxelEyes,Legendary,1,-2,0,0,NA,0,0,ReduceRangedDamage,0.120,ReduceElementalDamage,0.200,NA,0,NA,0
Face,382,GOAT-ee,GOATee,Legendary,1,-2,0,0,NA,0,0,DebuffEffectiveness,0.350,Piercing,0.250,NA,0,NA,0
Body,383,Sandbox Hoodie,SandboxHoodie,Legendary,3,-1,0,0,NA,0,0,DoubleStrikeChance,0.080,AttackRange,0.150,NA,0,NA,0
Face,384,Faangs,Faangs,Mythical,0,0,5,0,NA,0,0,Piercing,0.500,CriticalDamage,0.300,NA,0,NA,0
Eyes,385,Block Scanners,BlockScanners,Godlike,6,0,0,0,NA,0,0,CriticalDamage,0.550,Purveying,0.650,NA,0,NA,0
Hand,386,Staff of Charming,StaffofCharming,Godlike,-4,0,0,-2,Pierce,10,5,HpLeech,0.005,MoveSpeed,0.150,Longer reaching melee attacks. Particularly effective at destroying crafted objects.,0,Front,0
Head,387,Roflnoggin,Roflnoggin,Godlike,0,0,0,-6,NA,0,0,CriticalDamage,0.550,Evasion,0.075,NA,0,NA,0
Hand,998,Slicks Surfboard,SlicksSurfboard,Rare,3,0,0,0,Pierce,10,5,MoveSpeed,0.150,NA,0.000,NA,0,Front,0
Hand,999,Olivers Spoon,OliversSpoon,Common,0,1,0,0,Cleave,10,5,CriticalDamage,0.100,NA,0.000,For slashing baddies and eating porridge. Cleave weapons have a mid ranged 180 degree attack radius for damaging multiple enemies at close range. Effective against organic matter.,0,Right,0
Hand,1000,Unarmed,Unarmed,NA,0,0,0,0,Unarmed,0,0,NA,0.000,NA,0.000,NA,0,Front,0