SlotEnum,IdInt,NameString,NameEnum,RarityEnum,NrgInt,AggInt,SpkInt,BrnInt,WeaponTypeEnum,SpecialApInt,SpecialCooldownInt,SecondaryBuffEnum,SecondaryBuffFloat,TertiaryBuffEnum,TertiaryBuffFloat,BaseDescription,AttackName,AttackDescription,HoldName,HoldDescription,SpecialName,SpecialDescription,EffectDurationInt,AttackView,AttackAngle
Head,1,Camo Hat,CamoHat,Common,0,1,0,0,NA,0,0,Evasion,0.025,NA,0.000,NA,NA,NA,NA,NA,NA,NA,0,NA,0
Body,2,Camo Pants,CamoPants,Common,0,1,0,0,NA,0,0,Evasion,0.025,NA,0.000,NA,NA,NA,NA,NA,NA,NA,0,NA,0
Hand,3,MK2 Grenade,MK2Grenade,Common,0,1,0,0,Splash,10,5,CriticalDamage,0.100,NA,0.000,A puny grenade. It’s more of a toy really. ,Lob,Lob a weak grenade at your enemies.,Volley,Charge your weapon to lob a volley of explosives at your enemies.,Bomb,Lob one hella powerful bomb at your enemies.,0,Front,0
Head,4,Snow Camo Hat,SnowCamoHat,Uncommon,0,1,1,0,NA,0,0,Evasion,0.050,NA,0.000,NA,NA,NA,NA,NA,NA,NA,0,NA,0
Body,5,Snow Camo Pants,SnowCamoPants,Uncommon,0,1,1,0,NA,0,0,Evasion,0.050,NA,0.000,NA,NA,NA,NA,NA,NA,NA,0,NA,0
Hand,6,M67 Grenade,M67Grenade,Uncommon,0,2,0,0,Splash,10,5,CriticalDamage,0.300,NA,0.000,A weak grenade. ,Lob,Lob a projectile at your enemies.,Volley,Charge your weapon to lob a volley of explosives at your enemies.,Bomb,Lob one hella powerful bomb at your enemies.,0,Front,0
Head,7,Marine Cap,MarineCap,Rare,0,2,0,1,NA,0,0,ReduceMeleeDamage,0.080,Magnetism,0.250,NA,NA,NA,NA,NA,NA,NA,0,NA,0
Body,8,Marine Jacket,MarineJacket,Rare,0,2,0,1,NA,0,0,ReduceMeleeDamage,0.080,Magnetism,0.250,NA,NA,NA,NA,NA,NA,NA,0,NA,0
Hand,9,Short-Circuited Walkie Talkie,WalkieTalkie,Rare,1,0,2,1,Magic,10,5,Magnetism,0.900,NA,0.000,Somewhere a wire has crossed on this thing.,Cast,Fire a slow moving projectile.,Beam,Charge up a deadly laser beam.,Blast,Unleash a devastating blast for maximum damage.,0,Front,0
Head,10,Link White Hat,LinkWhiteHat,Legendary,0,2,0,2,NA,0,0,SpecialCostReduction,0.150,Purveying,0.350,NA,NA,NA,NA,NA,NA,NA,0,NA,0
Body,11,Link Mess Dress,LinkMessDress,Legendary,0,2,0,2,NA,0,0,SpecialCostReduction,0.150,Purveying,0.350,NA,NA,NA,NA,NA,NA,NA,0,NA,0
Hand,12,Bottle of Link Bubbly,LinkBubbly,Legendary,2,0,0,-2,Ballistic,10,5,CriticalDamage,0.300,DebuffEffectiveness,0.350,Shaken to maximum pressure. Do not aim at endangered Icelandic snow owls.,Shot,Fire corks at super sonic speed!,Snipe,Charge your weapon to fire a deadly aimed shot.,Explosion,Fire a shot which explodes on impact and deals damage to a large area.,5,Front,0
Face,13,Sergey Beard,SergeyBeard,Mythical,-1,1,0,3,NA,0,0,ApLeech,0.008,CriticalDamage,0.300,NA,NA,NA,NA,NA,NA,NA,0,NA,0
Eyes,14,Sergey Eyes,SergeyEyes,Mythical,0,0,1,4,NA,0,0,CriticalDamage,0.550,AttackRange,0.150,NA,NA,NA,NA,NA,NA,NA,0,NA,0
Body,15,Red Plaid,RedPlaid,Mythical,3,2,0,0,NA,0,0,ReduceMeleeDamage,0.120,ReduceElementalDamage,0.200,NA,NA,NA,NA,NA,NA,NA,0,NA,0
Body,16,Blue Plaid,BluePlaid,Godlike,-4,-2,0,0,NA,0,0,ReduceMeleeDamage,0.120,ReduceRangedDamage,0.180,NA,NA,NA,NA,NA,NA,NA,0,NA,0
Hand,17,LINK Cube,LINKCube,Godlike,0,0,0,6,Magic,10,5,ApLeech,0.008,AttackRange,0.250,A magical cube witholding secrets of the ancients.,Cast,Fire a slow moving projectile.,Beam,Charge up a deadly laser beam.,Blast,Unleash a devastating blast for maximum damage.,0,Front,0
Face,18,Aave Hero Mask,AaveHeroMask,Common,0,0,1,0,NA,0,0,CriticalDamage,0.100,NA,0.000,NA,NA,NA,NA,NA,NA,NA,0,NA,0
Body,19,Aave Hero Shirt,AaveHeroShirt,Common,0,0,1,0,NA,0,0,ReduceRangedDamage,0.060,NA,0.000,NA,NA,NA,NA,NA,NA,NA,0,NA,0
Hand,20,Aave Plush Toy,AavePlushToy,Common,0,0,1,0,Shield,10,5,Evasion,0.025,NA,0.000,A small plushie capable of absorbing small hits.,Bash,Bash your enemies!,Block,Hold to block and absorb damage.,Wall,Create a temporay shield wall to greatly boost your defense.,0,Front,0
Head,21,Captain Aave Mask,CaptainAaveMask,Uncommon,1,0,1,0,NA,0,0,CriticalDamage,0.300,NA,0.000,NA,NA,NA,NA,NA,NA,NA,0,NA,0
Body,22,Captain Aave Suit,CaptainAaveSuit,Uncommon,1,0,1,0,NA,0,0,ReduceMeleeDamage,0.080,NA,0.000,NA,NA,NA,NA,NA,NA,NA,0,NA,0
Hand,23,Captain Aave Shield,CaptainAaveShield,Uncommon,2,0,0,0,Shield,10,5,ReduceElementalDamage,0.200,NA,0.000,A round shield. Any semblance to copyrighted material is purely coincidental. ,Bash,Bash your enemies!,Block,Hold to block and absorb damage.,Wall,Create a temporay shield wall to greatly boost your defense.,0,Front,0
Head,24,Thaave Helmet,ThaaveHelmet,Rare,2,0,1,0,NA,0,0,DoubleStrikeChance,0.080,Magnetism,0.250,NA,NA,NA,NA,NA,NA,NA,0,NA,0
Body,25,Thaave Suit,ThaaveSuit,Rare,2,0,1,0,NA,0,0,ReduceRangedDamage,0.180,NA,0.000,NA,NA,NA,NA,NA,NA,NA,0,NA,0
Hand,26,Thaave Hammer,ThaaveHammer,Rare,3,0,0,1,Smash,10,5,ReduceElementalDamage,0.300,NA,0.000,A fabled hammer. Cannot be thrown. ,Swipe,Smash the hammer!,Shockwave,Charge your weapon to unleash a stunning shockwave.,Ground Slam,Slam the ground- knocking back enemies and dealing damage.,0,Right,0
Head,27,Marc Hair,MarcHair,Legendary,2,2,0,0,NA,0,0,ApLeech,0.006,SpecialCostReduction,0.150,NA,NA,NA,NA,NA,NA,NA,0,NA,0
Body,28,Marc Outfit,MarcOutfit,Legendary,2,2,0,0,NA,0,0,Evasion,0.050,ReduceRangedDamage,0.120,NA,NA,NA,NA,NA,NA,NA,0,NA,0
Hand,29,REKT Sign,REKTSign,Legendary,0,0,0,-4,Smash,10,5,DoubleStrikeChance,0.080,Piercing,0.250,A sign perfect for rekting your opponents faces.,Swipe,Smash the sign!,Shockwave,Charge your weapon to unleash a stunning shockwave.,Ground Slam,Slam the ground- knocking back enemies and dealing damage.,30,Front,0
Head,30,Jordan Hair,JordanHair,Mythical,0,-2,3,0,NA,0,0,EssenceLeech,0.004,ReduceRangedDamage,0.120,NA,NA,NA,NA,NA,NA,NA,0,NA,0
Body,31,Jordan Suit,JordanSuit,Mythical,-3,0,1,1,NA,0,0,MoveSpeed,0.150,Purveying,0.350,NA,NA,NA,NA,NA,NA,NA,0,NA,0
Hand,32,Aave Flag,AaveFlag,Mythical,0,-2,3,0,Pierce,10,5,Piercing,0.500,Magnetism,0.500,A mythical flag with a razor-sharp finial.,Thrust,Poke them in the eye!,Drill Lunge,Charge your weapon and turn yourself into a dastardly drill. ,Air Lance,Jump into the air and descend upon your enemies with great power.,30,Front,0
Head,33,Stani Hair,StaniHair,Godlike,0,-3,0,3,NA,0,0,DoubleStrikeChance,0.120,AttackRange,0.250,NA,NA,NA,NA,NA,NA,NA,0,NA,0
Body,34,Stani Lifejacket,StaniLifejacket,Godlike,3,-3,0,0,NA,0,0,ReduceMeleeDamage,0.120,DebuffEffectiveness,0.650,NA,NA,NA,NA,NA,NA,NA,0,NA,0
Pet,35,Aave Boat,AaveBoat,Godlike,0,-6,0,0,NA,0,0,MoveSpeed,0.150,ReduceMeleeDamage,0.120,NA,NA,NA,NA,NA,NA,NA,0,NA,0
Eyes,36,ETH Logo Glasses,ETHLogoGlasses,Common,0,0,0,-1,NA,0,0,CriticalDamage,0.100,NA,0.000,NA,NA,NA,NA,NA,NA,NA,0,NA,0
Body,37,ETH TShirt,ETHTShirt,Common,0,0,0,-1,NA,0,0,DoubleStrikeChance,0.050,NA,0.000,NA,NA,NA,NA,NA,NA,NA,0,NA,0
Hand,38,32 ETH Coin,_32ETHCoin,Common,0,0,0,-1,Shield,10,5,Magnetism,0.250,NA,0.000,A small coin useful for absorbing small hits. ,Bash,Bash your enemies!,Block,Hold to block and absorb damage.,Wall,Create a temporay shield wall to greatly boost your defense.,0,Front,0
Head,39,Foxy Mask,FoxyMask,Uncommon,0,-2,0,0,NA,0,0,Evasion,0.050,NA,0.000,NA,NA,NA,NA,NA,NA,NA,0,NA,0
Pet,40,Foxy Tail,FoxyTail,Uncommon,0,-1,-1,0,NA,0,0,Evasion,0.050,NA,0.000,NA,NA,NA,NA,NA,NA,NA,0,NA,0
Hand,41,Trezor Wallet,TrezorWallet,Uncommon,-1,-1,0,0,Shield,10,5,ReduceRangedDamage,0.120,NA,0.000,Defends against all but a $5 wrench.,Bash,Bash your enemies!,Block,Hold to block and absorb damage.,Wall,Create a temporay shield wall to greatly boost your defense.,0,Front,0
Head,42,Eagle Mask,EagleMask,Rare,1,0,2,0,NA,0,0,Piercing,0.250,DebuffEffectiveness,0.100,NA,NA,NA,NA,NA,NA,NA,0,NA,0
Body,43,Nogara Armor,NogaraArmor,Rare,2,0,1,0,NA,0,0,DebuffEffectiveness,0.650,NA,0.000,NA,NA,NA,NA,NA,NA,NA,0,NA,0
Hand,44,DAO Egg,DAOEgg,Rare,1,0,0,2,Magic,10,5,DebuffEffectiveness,0.650,NA,0.000,A magical egg. Legends say this egg may eventually evolve into something greater. NFA.,Cast,Fire a slow moving projectile.,Beam,Charge up a deadly laser beam.,Blast,Unleash a devastating blast for maximum damage.,0,Front,0
Head,45,Ape Mask,ApeMask,Legendary,0,1,0,-3,NA,0,0,DoubleStrikeChance,0.080,SpecialCostReduction,0.150,NA,NA,NA,NA,NA,NA,NA,0,NA,0
Body,46,Half Rekt Shirt,HalfRektShirt,Legendary,1,1,0,-2,NA,0,0,CriticalDamage,0.300,Evasion,0.050,NA,NA,NA,NA,NA,NA,NA,0,NA,0
Hand,47,Waifu Pillow,WaifuPillow,Legendary,0,0,0,-4,Shield,10,5,ReduceElementalDamage,0.300,Evasion,0.025,A legendary pillow with a legendary woman of impossible proportions.,Bash,Bash your enemies!,Block,Hold to block and absorb damage.,Wall,Create a temporay shield wall to greatly boost your defense.,0,Front,0
Head,48,Xibot Mohawk,XibotMohawk,Mythical,5,0,0,0,NA,0,0,CriticalDamage,0.550,SpecialCooldownReduction,0.120,NA,NA,NA,NA,NA,NA,NA,0,NA,0
Eyes,49,Coderdan Shades,CoderdanShades,Mythical,0,5,0,0,NA,0,0,EssenceLeech,0.004,SpecialCostReduction,0.150,NA,NA,NA,NA,NA,NA,NA,0,NA,0
Body,50,GldnXross Robe,GldnXrossRobe,Mythical,0,0,5,0,NA,0,0,SpecialCostReduction,0.250,ApLeech,0.006,NA,NA,NA,NA,NA,NA,NA,0,NA,0
Hand,51,Mudgen Diamond,MudgenDiamond,Mythical,0,0,0,5,Magic,10,5,ApLeech,0.008,Magnetism,0.500,A mythical gem capable of decimating swathes of enemies. ,Cast,Fire a slow moving projectile.,Beam,Charge up a deadly laser beam.,Blast,Unleash a devastating blast for maximum damage.,0,Front,0
Head,52,Galaxy Brain,GalaxyBrain,Godlike,0,0,0,6,NA,0,0,CriticalDamage,0.550,AttackRange,0.250,NA,NA,NA,NA,NA,NA,NA,0,NA,0
Eyes,53,All Seeing Eyes,AllSeeingEyes,Godlike,-6,0,0,0,NA,0,0,SpecialCooldownReduction,0.200,Piercing,0.500,NA,NA,NA,NA,NA,NA,NA,0,NA,0
Body,54,Llamacorn Shirt,LlamacornShirt,Godlike,-3,-3,0,0,NA,0,0,HpLeech,0.005,ReduceElementalDamage,0.300,NA,NA,NA,NA,NA,NA,NA,0,NA,0
Face,55,Aagent Headset,AagentHeadset,Rare,0,1,1,1,NA,0,0,ReduceRangedDamage,0.180,NA,0.000,NA,NA,NA,NA,NA,NA,NA,0,NA,0
Body,56,Aagent Shirt,AagentShirt,Rare,-1,1,1,0,NA,0,0,MoveSpeed,0.150,NA,0.000,NA,NA,NA,NA,NA,NA,NA,0,NA,0
Eyes,57,Aagent Shades,AagentShades,Rare,-1,0,2,0,NA,0,0,DoubleStrikeChance,0.080,CriticalDamage,0.100,NA,NA,NA,NA,NA,NA,NA,0,NA,0
Hand,58,Aagent Pistol,AagentPistol,Rare,0,3,0,0,Ballistic,10,5,Piercing,0.500,NA,0.000,A compact and deadly pistol. It isn't about how big it is but rather how you use it. ,Shot,Fire a quick-moving projectile.,Snipe,Charge your weapon to fire a deadly aimed shot.,Explosion,Fire a shot which explodes on impact and deals damage to a large area.,0,Right,0
Head,59,Aagent Fedora Hat,AagentFedoraHat,Rare,-2,0,1,0,NA,0,0,Evasion,0.050,MoveSpeed,0.050,NA,NA,NA,NA,NA,NA,NA,0,NA,0
Head,60,Common Wizard Hat,CommonWizardHat,Common,0,0,0,1,NA,0,0,DoubleStrikeChance,0.050,NA,0.000,NA,NA,NA,NA,NA,NA,NA,0,NA,0
Head,61,Legendary Wizard Hat,LegendaryWizardHat,Legendary,0,0,2,2,NA,0,0,DoubleStrikeChance,0.080,SpecialCostReduction,0.150,NA,NA,NA,NA,NA,NA,NA,0,NA,0
Head,62,Mythical Wizard Hat,MythicalWizardHat,Mythical,0,0,2,3,NA,0,0,DoubleStrikeChance,0.120,SpecialCostReduction,0.150,NA,NA,NA,NA,NA,NA,NA,0,NA,0
Head,63,Godlike Wizard Hat,GodlikeWizardHat,Godlike,0,0,2,4,NA,0,0,DoubleStrikeChance,0.120,SpecialCostReduction,0.250,NA,NA,NA,NA,NA,NA,NA,0,NA,0
Hand,64,Common Wizard Staff,CommonWizardStaff,Common,1,0,0,0,Magic,10,5,ApLeech,0.004,NA,0.000,A simple and crude wizard's staff.,Cast,Fire a slow moving projectile.,Beam,Charge up a deadly laser beam.,Blast,Unleash a devastating blast for maximum damage.,0,Right,0
Hand,65,Legendary Wizard Staff,LegendaryWizardStaff,Legendary,2,0,0,2,Magic,10,5,ApLeech,0.006,AttackRange,0.150,A legendary staff belonging to the grey wizard.,Cast,Fire a slow moving projectile.,Beam,Charge up a deadly laser beam.,Blast,Unleash a devastating blast for maximum damage.,0,Right,0
Eyes,66,Wizard Visor,WizardVisor,Common,1,0,0,0,NA,0,0,EssenceLeech,0.002,NA,0.000,NA,NA,NA,NA,NA,NA,NA,0,NA,0
Head,67,Straw Hat,StrawHat,Common,-1,0,0,0,NA,0,0,EssenceLeech,0.002,NA,0.000,NA,NA,NA,NA,NA,NA,NA,0,NA,0
Body,68,Farmer Jeans,FarmerJeans,Common,0,0,0,-1,NA,0,0,ReduceMeleeDamage,0.040,NA,0.000,NA,NA,NA,NA,NA,NA,NA,0,NA,0
Hand,69,Pitchfork,Pitchfork,Common,0,1,0,0,Pierce,10,5,AttackRange,0.080,NA,0.000,A humble tool for pitching hay.,Thrust,Poke them in the eye!,Drill Lunge,Charge your weapon and turn yourself into a dastardly drill. ,Air Lance,Jump into the air and descend upon your enemies with great power.,0,Right,0
Hand,70,Handsaw,Handsaw,Mythical,0,3,0,-2,Cleave,10,5,CriticalDamage,0.550,DebuffEffectiveness,0.350,A mythical saw capable of felling swarms of enemies.,Slash,A quick slash.,Whirlwind,Hold attack to charge a deadly whirlwind.,Cyclone,Deploy a deadly cyclone.,0,Right,0
Head,71,Red Santa Hat,RedSantaHat,Rare,0,-1,-2,0,NA,0,0,DoubleStrikeChance,0.080,ReduceRangedDamage,0.060,NA,NA,NA,NA,NA,NA,NA,0,NA,0
Head,72,Jaay Hairpiece,JaayHairpiece,Mythical,0,0,0,-5,NA,0,0,HpLeech,0.005,Evasion,0.050,NA,NA,NA,NA,NA,NA,NA,0,NA,0
Eyes,73,Jaay Glasses,JaayGlasses,Mythical,-2,-2,0,-1,NA,0,0,ApLeech,0.008,DoubleStrikeChance,0.080,NA,NA,NA,NA,NA,NA,NA,0,NA,0
Body,74,Jaay Suit,JaaySuit,Mythical,-2,0,0,-3,NA,0,0,ReduceElementalDamage,0.300,DebuffEffectiveness,0.350,NA,NA,NA,NA,NA,NA,NA,0,NA,0
Hand,75,OKex Sign,OKexSign,Mythical,-5,0,0,0,Smash,10,5,DoubleStrikeChance,0.120,Magnetism,0.500,A mythical sign.,Swipe,Smash the sign!,Shockwave,Charge your weapon to unleash a stunning shockwave.,Ground Slam,Slam the ground- knocking back enemies and dealing damage.,30,Front,0
Hand,76,Big GHST Token,BigGHSTToken,Common,0,0,0,1,Shield,10,5,Purveying,0.100,NA,0.000,Big token. Little shield. ,Bash,Bash your enemies!,Block,Hold to block and absorb damage.,Wall,Create a temporay shield wall to greatly boost your defense.,0,Front,0
Head,77,Bitcoin Beanie,BitcoinBeanie,Uncommon,1,0,0,-1,NA,0,0,CriticalDamage,0.300,NA,0.000,NA,NA,NA,NA,NA,NA,NA,0,NA,0
Body,78,Black Jeans,BlackJeans,Uncommon,0,1,0,-1,NA,0,0,Piercing,0.250,NA,0.000,NA,NA,NA,NA,NA,NA,NA,0,NA,0
Hand,79,Skateboard,Skateboard,Rare,1,0,0,-2,Shield,10,5,MoveSpeed,0.100,Magnetism,0.250,A cool skateboard which doubles as a nice shield.,Bash,Bash your enemies!,Block,Hold to block and absorb damage.,Wall,Create a temporay shield wall to greatly boost your defense.,0,Front,0
Head,80,Sushi Bandana,SushiBandana,Rare,-1,2,0,0,NA,0,0,HpLeech,0.004,AttackRange,0.080,NA,NA,NA,NA,NA,NA,NA,0,NA,0
Body,81,Sushi Coat,SushiCoat,Rare,-2,1,0,0,NA,0,0,Evasion,0.050,ApLeech,0.004,NA,NA,NA,NA,NA,NA,NA,0,NA,0
Hand,82,Salmon,SushiPiece,Legendary,0,0,-4,0,Smash,10,5,HpLeech,0.004,Magnetism,0.500,A giant frozen salmon. Can make hundreds of sushi pieces.,Swipe,Smash the giant salmon!,Shockwave,Charge your weapon to unleash a stunning shockwave.,Ground Slam,Slam the ground- knocking back enemies and dealing damage.,0,Front,0
Hand,83,Sushi Knife,SushiKnife,Rare,0,3,0,0,Cleave,10,5,DoubleStrikeChance,0.120,NA,0.000,A razor sharp blade capable of turning your enemies into sashimi.,Slash,A quick slash.,Whirlwind,Hold attack to charge a deadly whirlwind.,Cyclone,Deploy a deadly cyclone.,0,Right,0
Head,84,Gentleman Hat,GentlemanHat,Legendary,-1,-3,0,0,NA,0,0,DoubleStrikeChance,0.080,SpecialCooldownReduction,0.120,NA,NA,NA,NA,NA,NA,NA,0,NA,0
Body,85,Gentleman Coat,GentlemanCoat,Legendary,-1,-3,0,0,NA,0,0,ReduceMeleeDamage,0.080,Piercing,0.250,NA,NA,NA,NA,NA,NA,NA,0,NA,0
Eyes,86,Monocle,Monocle,Mythical,0,-2,0,3,NA,0,0,ApLeech,0.008,Purveying,0.350,NA,NA,NA,NA,NA,NA,NA,0,NA,0
Head,87,Miner Helmet,MinerHelmet,Uncommon,1,0,0,-1,NA,0,0,Purveying,0.350,NA,0.000,NA,NA,NA,NA,NA,NA,NA,0,NA,0
Body,88,Miner Jeans,MinerJeans,Uncommon,1,0,0,-1,NA,0,0,Purveying,0.350,NA,0.000,NA,NA,NA,NA,NA,NA,NA,0,NA,0
Hand,89,Pickaxe,Pickaxe,Rare,1,2,0,0,Cleave,10,5,Purveying,0.650,NA,0.000,Excavate the brains from your enemies. ,Slash,A quick slash.,Whirlwind,Hold attack to charge a deadly whirlwind.,Cyclone,Deploy a deadly cyclone.,0,Right,0
Head,90,Pajama Hat,PajamaHat,Common,0,0,-1,0,NA,0,0,ApLeech,0.004,NA,0.000,NA,NA,NA,NA,NA,NA,NA,0,NA,0
Body,91,Pajama Shirt,PajamaShirt,Uncommon,0,-1,-1,0,NA,0,0,ApLeech,0.006,NA,0.000,NA,NA,NA,NA,NA,NA,NA,0,NA,0
Hand,92,Bottle of Milk,BedtimeMilk,Rare,0,-2,-1,0,Splash,10,5,HpLeech,0.005,NA,0.000,An explosive bottle of milk. ,Lob,Lob a bottle of milk which explodes on impact.,Volley,Charge your weapon to lob a volley of explosives at your enemies.,Bomb,Lob one hella powerful bomb at your enemies.,5,Front,0
Hand,93,Fluffy Pillow,FluffyPillow,Legendary,0,0,-4,0,Shield,10,5,ReduceRangedDamage,0.120,ReduceElementalDamage,0.200,Legends say this pillow is so fluffy that enemy attacks get lost forever in it. Or something. ,Bash,Bash your enemies!,Block,Hold to block and absorb damage.,Wall,Create a temporay shield wall to greatly boost your defense.,0,Front,0
Head,94,Sweatband,Sweatband,Uncommon,2,0,0,0,NA,0,0,CriticalDamage,0.300,NA,0.000,NA,NA,NA,NA,NA,NA,NA,0,NA,0
Body,95,Track Shorts,TrackShorts,Uncommon,1,0,0,-1,NA,0,0,MoveSpeed,0.100,NA,0.000,NA,NA,NA,NA,NA,NA,NA,0,NA,0
Hand,96,Water Balloon,Waterbottle,Uncommon,2,0,0,0,Splash,10,5,Evasion,0.050,NA,0.000,A deadly water balloon filled from a water bottle.,Lob,Lob a water balloon at your enemies dealing splash damage.,Volley,Charge your weapon to lob a volley of explosives at your enemies.,Bomb,Lob one hella powerful bomb at your enemies.,5,Front,0
Head,97,Pillbox Hat,PillboxHat,Legendary,1,-1,-2,0,NA,0,0,ReduceMeleeDamage,0.120,Evasion,0.025,NA,NA,NA,NA,NA,NA,NA,0,NA,0
Body,98,Day Dress,DayDress,Legendary,1,-1,-2,0,NA,0,0,ReduceMeleeDamage,0.120,ReduceRangedDamage,0.060,NA,NA,NA,NA,NA,NA,NA,0,NA,0
Hand,99,Parasol,Parasol,Mythical,1,-1,-3,0,Pierce,10,5,Piercing,0.500,ReduceElementalDamage,0.200,Skewers enemies while protecting your ghastly white complexion. ,Thrust,Poke them in the eye!,Drill Lunge,Charge your weapon and turn yourself into a dastardly drill. ,Air Lance,Jump into the air and descend upon your enemies with great power.,0,Right,0
Hand,100,Clutch,Clutch,Legendary,1,-2,-2,0,Smash,10,5,DoubleStrikeChance,0.080,AttackRange,0.150,A very heavy bag useful for keeping predators at bay. ,Swipe,Smash them in the head!,Shockwave,Charge your weapon to unleash a stunning shockwave.,Ground Slam,Slam the ground- knocking back enemies and dealing damage.,0,Right,0
Head,101,Witchy Hat,WitchyHat,Legendary,0,1,3,0,NA,0,0,CriticalDamage,0.300,DebuffEffectiveness,0.350,NA,NA,NA,NA,NA,NA,NA,0,NA,0
Body,102,Witchy Cloak,WitchyCloak,Legendary,0,1,3,0,NA,0,0,SpecialCostReduction,0.150,AttackRange,0.150,NA,NA,NA,NA,NA,NA,NA,0,NA,0
Hand,103,Witchy Wand,WitchyWand,Mythical,0,2,2,1,Magic,10,5,AttackRange,0.250,ApLeech,0.006,Tiny wand. Massive destruction. ,Cast,Fire a slow moving projectile.,Beam,Charge up a deadly laser beam.,Blast,Unleash a devastating blast for maximum damage.,0,Right,30
Head,104,Portal Mage Helmet,PortalMageHelmet,Legendary,2,1,1,0,NA,0,0,DoubleStrikeChance,0.080,Piercing,0.250,NA,NA,NA,NA,NA,NA,NA,0,NA,0
Body,105,Portal Mage Armor,PortalMageArmor,Legendary,1,2,2,0,NA,0,0,DebuffEffectiveness,0.350,SpecialCooldownReduction,0.120,NA,NA,NA,NA,NA,NA,NA,0,NA,0
Hand,106,Portal Mage Axe,PortalMageAxe,Legendary,0,4,0,0,Cleave,10,5,HpLeech,0.004,DebuffEffectiveness,0.350,Legendary axe belonging to the sacred coven of the portal mages. ,Slash,A quick slash.,Whirlwind,Hold attack to charge a deadly whirlwind.,Cyclone,Deploy a deadly cyclone.,0,Right,0
Hand,107,Portal Mage Black Axe,PortalMageBlackAxe,Godlike,0,6,0,0,Cleave,10,5,HpLeech,0.005,DebuffEffectiveness,0.650,This godlike axe belongs to the highest order within the sacred coven of the portal mages. ,Slash,A quick slash.,Whirlwind,Hold attack to charge a deadly whirlwind.,Cyclone,Deploy a deadly cyclone.,0,Right,0
Head,108,Rasta Hat,RastaHat,Uncommon,-1,-1,0,0,NA,0,0,EssenceLeech,0.003,NA,0.000,NA,NA,NA,NA,NA,NA,NA,0,NA,0
Body,109,Rasta Shirt,RastaShirt,Uncommon,-1,-1,0,0,NA,0,0,ReduceRangedDamage,0.120,NA,0.000,NA,NA,NA,NA,NA,NA,NA,0,NA,0
Hand,110,Jamaican Flag,JamaicanFlag,Rare,-1,-2,0,0,Pierce,10,5,Magnetism,0.900,NA,0.000,A Jamaican flag with a very sharp finial.,Thrust,Poke them in the eye!,Drill Lunge,Charge your weapon and turn yourself into a dastardly drill. ,Air Lance,Jump into the air and descend upon your enemies with great power.,30,Front,0
Head,111,Hazmat Hood,HazmatHood,Legendary,1,-1,2,0,NA,0,0,SpecialCostReduction,0.150,ReduceRangedDamage,0.120,NA,NA,NA,NA,NA,NA,NA,0,NA,0
Body,112,Hazmat Suit,HazmatSuit,Legendary,2,-2,1,0,NA,0,0,SpecialCostReduction,0.150,ReduceElementalDamage,0.200,NA,NA,NA,NA,NA,NA,NA,0,NA,0
Hand,113,Fusion Cannon,UraniumRod,Godlike,6,0,0,0,Splash,10,5,ApLeech,0.008,Magnetism,0.900,This godlike cannon is fueled by a uranium rod and launches radioactive barrels.,Lob,Lob radioactive barrels which deal splash damage.,Volley,Charge your weapon to lob a volley of explosives at your enemies.,Bomb,Lob one hella powerful bomb at your enemies.,5,Front,0
Body,114,Red Hawaiian Shirt,RedHawaiianShirt,Mythical,-3,-2,0,0,NA,0,0,Evasion,0.075,Magnetism,0.500,NA,NA,NA,NA,NA,NA,NA,0,NA,0
Body,115,Blue Hawaiian Shirt,BlueHawaiianShirt,Legendary,-2,-2,0,0,NA,0,0,Evasion,0.050,Magnetism,0.500,NA,NA,NA,NA,NA,NA,NA,0,NA,0
Hand,116,Coconut Bomb,Coconut,Rare,0,0,-3,0,Splash,10,5,SpecialCostReduction,0.250,NA,0.000,I've got a bunch of lovely coconuts.,Lob,Lob explosive coconut. Explodes on impact.,Volley,Charge your weapon to lob a volley of explosives at your enemies.,Bomb,Lob one hella powerful bomb at your enemies.,0,Front,0
Eyes,117,Cool Shades,CoolShades,Common,0,0,0,-1,NA,0,0,DoubleStrikeChance,0.050,NA,0.000,NA,NA,NA,NA,NA,NA,NA,0,NA,0
Hand,118,Water Balloon Cannon,WaterJug,Legendary,2,0,0,2,Splash,10,5,MoveSpeed,0.100,SpecialCostReduction,0.150,Be the cool kid at the pool party. Filled from water jug.,Lob,Lob explosive water balloons at your enemies.,Volley,Charge your weapon to lob a volley of explosives at your enemies.,Bomb,Lob one hella powerful bomb at your enemies.,5,Front,0
Hand,119,Milk Pistol,BabyBottle,Legendary,0,-1,-3,0,Ballistic,10,5,HpLeech,0.004,Evasion,0.050,A baby bottle converted into a deadly milk pistol.,Shot,Fire a deadly squirt of milk.,Snipe,Charge your weapon to fire a deadly aimed shot.,Explosion,Fire a shot which explodes on impact and deals damage to a large area.,0,Front,0
Hand,120,Molotov Cocktail,Martini,Legendary,-1,0,0,-3,Splash,10,5,Evasion,0.050,DebuffEffectiveness,0.350,A bottle of vodka with a soaked rag. Light and throw.,Lob,Lob flaming bottles of vodka. Explodes on impact.,Volley,Charge your weapon to lob a volley of explosives at your enemies.,Bomb,Lob one hella powerful bomb at your enemies.,5,Front,0
Hand,121,Bottle Shiv,Wine,Rare,0,0,0,-3,Pierce,10,5,Evasion,0.050,DebuffEffectiveness,0.100,A broken bottle of bordeaux.,Thrust,Poke them in the eye!,Drill Lunge,Charge your weapon and turn yourself into a dastardly drill. ,Air Lance,Jump into the air and descend upon your enemies with great power.,5,Front,0
Hand,122,Hot Fudge Sundae,Milkshake,Mythical,0,0,-5,0,Splash,10,5,HpLeech,0.005,Evasion,0.050,A milkshake turned sundae and topped with boiling hot chocolate. ,Lob,Lob sundaes at your opponents. Boiling chocolate explodes on impact.,Volley,Charge your weapon to lob a volley of explosives at your enemies.,Bomb,Lob one hella powerful bomb at your enemies.,5,Front,0
Hand,123,Apple,AppleJuice,Uncommon,0,0,-2,0,Ballistic,10,5,Evasion,0.050,NA,0.000,An apple a day keeps the enemies at bay.,Shot,Chuck an apple at maximum speed.,Snipe,Charge your weapon to fire a deadly aimed shot.,Explosion,Fire a shot which explodes on impact and deals damage to a large area.,5,Front,0
Head,124,Beer Helmet,BeerHelmet,Mythical,0,0,0,-5,NA,0,0,DoubleStrikeChance,0.120,Piercing,0.250,NA,NA,NA,NA,NA,NA,NA,0,NA,0
Body,125,Track Suit,TrackSuit,Legendary,2,2,0,0,NA,0,0,MoveSpeed,0.100,ReduceRangedDamage,0.120,NA,NA,NA,NA,NA,NA,NA,0,NA,0
Hand,130,Fireball,Fireball,Common,0,1,0,0,Splash,10,5,AttackRange,0.080,NA,0.000,How this never burns your hand is one of life’s mysteries. ,Lob,Lob a ball of fire at your enemies.,Volley,Charge your weapon to lob a volley of explosives at your enemies.,Bomb,Lob one hella powerful bomb at your enemies.,0,Front,0
Head,131,Dragon Horns,DragonHorns,Uncommon,0,1,1,0,NA,0,0,DoubleStrikeChance,0.080,NA,0.000,NA,NA,NA,NA,NA,NA,NA,0,NA,0
Body,132,Dragon Wings,DragonWings,Rare,0,2,1,0,NA,0,0,ReduceRangedDamage,0.120,MoveSpeed,0.050,NA,NA,NA,NA,NA,NA,NA,0,NA,0
Head,133,Pointy Horns,PointyHorns,Legendary,0,2,2,0,NA,0,0,DoubleStrikeChance,0.080,ApLeech,0.006,NA,NA,NA,NA,NA,NA,NA,0,NA,0
Hand,134,L2 Sign,L2Sign,Common,0,0,0,1,Smash,10,5,SpecialCooldownReduction,0.050,NA,0.000,A flimsy sign.,Swipe,Smash the sign!,Shockwave,Charge your weapon to unleash a stunning shockwave.,Ground Slam,Slam the ground- knocking back enemies and dealing damage.,30,Front,0
Body,135,Polygon Shirt,PolygonShirt,Uncommon,0,0,0,2,NA,0,0,ReduceRangedDamage,0.120,NA,0.000,NA,NA,NA,NA,NA,NA,NA,0,NA,0
Head,136,Polygon Cap,PolygonCap,Rare,0,-1,0,2,NA,0,0,Evasion,0.050,MoveSpeed,0.050,NA,NA,NA,NA,NA,NA,NA,0,NA,0
Hand,137,Vote Sign,VoteSign,Common,0,-1,0,0,Smash,10,5,SpecialCostReduction,0.080,NA,0.000,Vote or die. ,Swipe,Smash the sign!,Shockwave,Charge your weapon to unleash a stunning shockwave.,Ground Slam,Slam the ground- knocking back enemies and dealing damage.,30,Front,0
Body,138,Snapshot Shirt,SnapshotShirt,Uncommon,0,-2,0,0,NA,0,0,Purveying,0.350,NA,0.000,NA,NA,NA,NA,NA,NA,NA,0,NA,0
Head,139,Snapshot Cap,SnapshotCap,Rare,0,-3,0,0,NA,0,0,ReduceMeleeDamage,0.080,ApLeech,0.004,NA,NA,NA,NA,NA,NA,NA,0,NA,0
Face,140,Elf Ears,ElfEars,Common,0,0,-1,0,NA,0,0,MoveSpeed,0.050,NA,0.000,NA,NA,NA,NA,NA,NA,NA,0,NA,0
Hand,141,Gemstone Ring,GemstoneRing,Uncommon,0,0,-1,1,Magic,10,5,SpecialCostReduction,0.150,NA,0.000,A magic ring for capturing a princess' heart.,Cast,Fire a slow moving projectile.,Beam,Charge up a deadly laser beam.,Blast,Unleash a devastating blast for maximum damage.,0,Front,0
Head,142,Princess Tiara,PrincessTiara,Rare,0,0,-2,1,NA,0,0,AttackRange,0.150,SpecialCostReduction,0.080,NA,NA,NA,NA,NA,NA,NA,0,NA,0
Body,143,Gold Necklace,GoldNecklace,Legendary,2,2,0,0,NA,0,0,SpecialCostReduction,0.150,Purveying,0.350,NA,NA,NA,NA,NA,NA,NA,0,NA,0
Head,144,Princess Hair,PrincessHair,Mythical,0,0,-3,2,NA,0,0,ApLeech,0.008,CriticalDamage,0.300,NA,NA,NA,NA,NA,NA,NA,0,NA,0
Head,145,Godli Locks,GodliLocks,Godlike,0,0,-4,2,NA,0,0,ApLeech,0.008,HpLeech,0.005,NA,NA,NA,NA,NA,NA,NA,0,NA,0
Face,146,Imperial Moustache,ImperialMoustache,Common,-1,0,0,0,NA,0,0,Evasion,0.025,NA,0.000,NA,NA,NA,NA,NA,NA,NA,0,NA,0
Head,147,Tiny Crown,TinyCrown,Uncommon,-1,0,0,-1,NA,0,0,DoubleStrikeChance,0.080,NA,0.000,NA,NA,NA,NA,NA,NA,NA,0,NA,0
Hand,148,Royal Scepter,RoyalScepter,Rare,-2,0,0,-1,Smash,10,5,AttackRange,0.250,NA,0.000,Give your enemies the royal treatment. ,Swipe,Smash them in the head!,Shockwave,Charge your weapon to unleash a stunning shockwave.,Ground Slam,Slam the ground- knocking back enemies and dealing damage.,0,Front,0
Head,149,Royal Crown,RoyalCrown,Legendary,-2,0,0,-2,NA,0,0,DoubleStrikeChance,0.080,Purveying,0.350,NA,NA,NA,NA,NA,NA,NA,0,NA,0
Body,150,Royal Robes,RoyalRobes,Mythical,-3,0,0,-2,NA,0,0,HpLeech,0.005,SpecialCooldownReduction,0.120,NA,NA,NA,NA,NA,NA,NA,0,NA,0
Pet,151,Common Rofl,CommonRofl,Common,0,0,0,-1,NA,0,0,DoubleStrikeChance,0.050,NA,0.000,NA,NA,NA,NA,NA,NA,NA,0,NA,0
Pet,152,Uncommon Rofl,UncommonRofl,Uncommon,-1,0,0,-1,NA,0,0,DoubleStrikeChance,0.080,NA,0.000,NA,NA,NA,NA,NA,NA,NA,0,NA,0
Pet,153,Rare Rofl,RareRofl,Rare,-1,0,0,-2,NA,0,0,DoubleStrikeChance,0.080,AttackRange,0.080,NA,NA,NA,NA,NA,NA,NA,0,NA,0
Pet,154,Legendary Rofl,LegendaryRofl,Legendary,-2,0,0,-2,NA,0,0,DoubleStrikeChance,0.080,AttackRange,0.150,NA,NA,NA,NA,NA,NA,NA,0,NA,0
Pet,155,Mythical Rofl,MythicalRofl,Mythical,-2,0,0,-3,NA,0,0,DoubleStrikeChance,0.120,AttackRange,0.150,NA,NA,NA,NA,NA,NA,NA,0,NA,0
Pet,156,Royal Rofl,RoyalRofl,Godlike,-3,0,0,-3,NA,0,0,DoubleStrikeChance,0.120,AttackRange,0.250,NA,NA,NA,NA,NA,NA,NA,0,NA,0
Face,157,Lil Pump Goatee,LilPumpGoatee,Uncommon,1,1,0,0,NA,0,0,SpecialCostReduction,0.150,NA,0.000,NA,NA,NA,NA,NA,NA,NA,0,NA,0
Hand,158,Lil Drank Pistol,LilPumpDrank,Rare,1,2,0,0,Ballistic,10,5,DebuffEffectiveness,0.650,NA,0.000,It's a water pistol adapted to hold lil pump drank. ,Shot,Fire a deadly squirt of drank.,Snipe,Charge your weapon to fire a deadly aimed shot.,Explosion,Fire a shot which explodes on impact and deals damage to a large area.,5,Front,0
Eyes,159,Lil Pump Shades,LilPumpShades,Legendary,0,3,1,0,NA,0,0,CriticalDamage,0.300,MoveSpeed,0.100,NA,NA,NA,NA,NA,NA,NA,0,NA,0
Body,160,Lil Pump Threads,LilPumpThreads,Mythical,5,0,0,0,NA,0,0,HpLeech,0.005,ReduceRangedDamage,0.120,NA,NA,NA,NA,NA,NA,NA,0,NA,0
Head,161,Lil Pump Dreads,LilPumpDreads,Godlike,4,2,0,0,NA,0,0,EssenceLeech,0.004,ApLeech,0.008,NA,NA,NA,NA,NA,NA,NA,0,NA,0
Eyes,199,Steampunk Goggles,SteampunkGoggles,Rare,0,0,3,0,NA,0,0,CriticalDamage,0.300,Purveying,0.100,NA,NA,NA,NA,NA,NA,NA,0,NA,0
Body,200,Steampunk Trousers,SteampunkTrousers,Uncommon,0,0,2,0,NA,0,0,CriticalDamage,0.300,NA,0.000,NA,NA,NA,NA,NA,NA,NA,0,NA,0
Hand,201,Mechanical Claw,MechanicalClaw,Legendary,0,2,2,0,Pierce,10,5,Piercing,0.500,SpecialCostReduction,0.080,Rocket propelled claw designed to poke your enemy in the eye. ,Thrust,Poke them in the eye!,Drill Lunge,Charge your weapon and turn yourself into a dastardly drill. ,Air Lance,Jump into the air and descend upon your enemies with great power.,0,Right,90
Eyes,202,VR Headset,VRHeadset,Mythical,2,3,0,0,NA,0,0,DebuffEffectiveness,0.650,SpecialCostReduction,0.150,NA,NA,NA,NA,NA,NA,NA,0,NA,0
Body,203,Gamer Jacket,GamerJacket,Rare,1,2,0,0,NA,0,0,ApLeech,0.006,Evasion,0.025,NA,NA,NA,NA,NA,NA,NA,0,NA,0
Hand,204,Game Controller,GameController,Uncommon,1,1,0,0,Magic,10,5,SpecialCostReduction,0.150,NA,0.000,Rage quit magical bolts of energy at your opponent.,Cast,Fire a slow moving projectile.,Beam,Charge up a deadly laser beam.,Blast,Unleash a devastating blast for maximum damage.,0,Front,0
Hand,205,Gotchi Mug,GotchiMug,Common,1,0,0,0,Splash,10,5,MoveSpeed,0.050,NA,0.000,It's a cup of coffee.,Lob,Lob a boiling hot cup of joe at your enemy.,Volley,Charge your weapon to lob a volley of explosives at your enemies.,Bomb,Lob one hella powerful bomb at your enemies.,5,Front,0
Head,206,Biker Helmet,BikerHelmet,Rare,0,2,0,1,NA,0,0,ReduceMeleeDamage,0.080,MoveSpeed,0.050,NA,NA,NA,NA,NA,NA,NA,0,NA,0
Body,207,Biker Jacket,BikerJacket,Uncommon,0,2,0,0,NA,0,0,ReduceMeleeDamage,0.080,NA,0.000,NA,NA,NA,NA,NA,NA,NA,0,NA,0
Eyes,208,Aviators,Aviators,Uncommon,0,0,2,0,NA,0,0,CriticalDamage,0.300,NA,0.000,NA,NA,NA,NA,NA,NA,NA,0,NA,0
Face,209,Horseshoe Mustache,HorseshoeMustache,Legendary,-2,0,2,0,NA,0,0,DoubleStrikeChance,0.080,Magnetism,0.500,NA,NA,NA,NA,NA,NA,NA,0,NA,0
Head,211,Guy Fawkes Mask,GuyFawkesMask,Common,0,0,1,0,NA,0,0,Evasion,0.025,NA,0.000,NA,NA,NA,NA,NA,NA,NA,0,NA,0
Hand,212,1337 Laptop,_1337Laptop,Mythical,-2,0,0,3,Magic,10,5,ReduceElementalDamage,0.300,Purveying,0.350,Obliterate foes with your keyboard warrior magic.,Cast,Fire a slow moving projectile.,Beam,Charge up a deadly laser beam.,Blast,Unleash a devastating blast for maximum damage.,0,Front,0
Body,213,H4xx0r Shirt,H4xx0rShirt,Legendary,-4,0,0,0,NA,0,0,Purveying,0.350,ApLeech,0.006,NA,NA,NA,NA,NA,NA,NA,0,NA,0
Eyes,214,Matrix Eyes,MatrixEyes,Godlike,-3,-3,0,0,NA,0,0,Evasion,0.075,ReduceElementalDamage,0.300,NA,NA,NA,NA,NA,NA,NA,0,NA,0
Eyes,215,Cyborg Eye,CyborgEye,Legendary,2,2,0,0,NA,0,0,DebuffEffectiveness,0.650,DoubleStrikeChance,0.050,NA,NA,NA,NA,NA,NA,NA,0,NA,0
Face,216,Rainbow Vomit,RainbowVomit,Mythical,0,0,-5,0,NA,0,0,DoubleStrikeChance,0.080,DebuffEffectiveness,0.650,NA,NA,NA,NA,NA,NA,NA,0,NA,0
Hand,217,Energy Gun,EnergyGun,Mythical,2,3,0,0,Magic,10,5,ApLeech,0.008,Magnetism,0.500,Handheld Directed Energy Weapon. Do not aim at houses. ,Cast,Fire a slow moving projectile.,Beam,Charge up a deadly laser beam.,Blast,Unleash a devastating blast for maximum damage.,0,Right,90
Head,218,Mohawk,Mohawk,Uncommon,1,1,0,0,NA,0,0,CriticalDamage,0.300,NA,0.000,NA,NA,NA,NA,NA,NA,NA,0,NA,0
Face,219,Mutton Chops,MuttonChops,Rare,0,0,2,-1,NA,0,0,CriticalDamage,0.300,Piercing,0.100,NA,NA,NA,NA,NA,NA,NA,0,NA,0
Body,220,Punk Shirt,PunkShirt,Legendary,1,3,0,0,NA,0,0,SpecialCostReduction,0.150,DoubleStrikeChance,0.080,NA,NA,NA,NA,NA,NA,NA,0,NA,0
Head,221,Pirate Hat,PirateHat,Common,0,0,0,-1,NA,0,0,Purveying,0.100,NA,0.000,NA,NA,NA,NA,NA,NA,NA,0,NA,0
Body,222,Pirate Coat,PirateCoat,Uncommon,0,0,1,-1,NA,0,0,Purveying,0.350,NA,0.000,NA,NA,NA,NA,NA,NA,NA,0,NA,0
Hand,223,Hook Hand,HookHand,Uncommon,0,0,1,-1,Pierce,10,5,Piercing,0.250,NA,0.000,Fits over a long lost hand. May invoke fear of crocodiles.,Thrust,Poke them in the eye!,Drill Lunge,Charge your weapon and turn yourself into a dastardly drill. ,Air Lance,Jump into the air and descend upon your enemies with great power.,0,Right,90
Eyes,224,Pirate Patch,PiratePatch,Rare,0,0,2,-1,NA,0,0,EssenceLeech,0.003,DoubleStrikeChance,0.050,NA,NA,NA,NA,NA,NA,NA,0,NA,0
Hand,225,Basketball,Basketball,Common,1,0,0,0,Ballistic,10,5,DoubleStrikeChance,0.050,NA,0.000,Alley-oop right into your opponent’s face. ,Shot,Chuck a basketball at maximum speed.,Snipe,Charge your weapon to fire a deadly aimed shot.,Explosion,Fire a shot which explodes on impact and deals damage to a large area.,0,Right,0
Head,226,Red Headband,RedHeadband,Rare,2,-1,0,0,NA,0,0,MoveSpeed,0.100,Evasion,0.025,NA,NA,NA,NA,NA,NA,NA,0,NA,0
Body,227,23 Jersey,_23Jersey,Rare,1,-2,0,0,NA,0,0,ReduceElementalDamage,0.200,SpecialCostReduction,0.080,NA,NA,NA,NA,NA,NA,NA,0,NA,0
Head,228,10 Gallon Hat,_10GallonHat,Common,0,0,0,1,NA,0,0,AttackRange,0.080,NA,0.000,NA,NA,NA,NA,NA,NA,NA,0,NA,0
Hand,229,Bullwhip,Lasso,Uncommon,0,1,0,1,Pierce,10,5,EssenceLeech,0.003,NA,0.000,Essential gear for raiding lost arks. ,Thrust,Poke them in the eye!,Drill Lunge,Charge your weapon and turn yourself into a dastardly drill. ,Air Lance,Jump into the air and descend upon your enemies with great power.,0,Front,0
Body,230,Wraangler Jeans,WraanglerJeans,Common,0,1,0,0,NA,0,0,ApLeech,0.004,NA,0.000,NA,NA,NA,NA,NA,NA,NA,0,NA,0
Body,231,Comfy Poncho,ComfyPoncho,Uncommon,-2,0,0,0,NA,0,0,ReduceMeleeDamage,0.080,NA,0.000,NA,NA,NA,NA,NA,NA,NA,0,NA,0
Head,232,Poncho Hoodie,PonchoHoodie,Common,-1,0,0,0,NA,0,0,Evasion,0.025,NA,0.000,NA,NA,NA,NA,NA,NA,NA,0,NA,0
Pet,233,Uncommon Cacti,UncommonCacti,Uncommon,0,0,-1,1,NA,0,0,HpLeech,0.004,NA,0.000,NA,NA,NA,NA,NA,NA,NA,0,NA,0
Body,234,Shaaman Poncho,ShaamanPoncho,Mythical,-5,0,0,0,NA,0,0,ReduceMeleeDamage,0.120,ReduceRangedDamage,0.120,NA,NA,NA,NA,NA,NA,NA,0,NA,0
Head,235,Shaaman Hoodie,ShaamanHoodie,Legendary,-4,0,0,0,NA,0,0,Evasion,0.050,ReduceElementalDamage,0.200,NA,NA,NA,NA,NA,NA,NA,0,NA,0
Pet,236,Blue Cacti,BlueCacti,Rare,0,0,-1,2,NA,0,0,HpLeech,0.004,ReduceMeleeDamage,0.040,NA,NA,NA,NA,NA,NA,NA,0,NA,0
Pet,237,Mythical Cacti,MythicalCacti,Mythical,0,0,-2,3,NA,0,0,HpLeech,0.005,ReduceMeleeDamage,0.080,NA,NA,NA,NA,NA,NA,NA,0,NA,0
Pet,238,Godlike Cacti,GodlikeCacti,Godlike,0,0,-3,3,NA,0,0,HpLeech,0.005,ReduceMeleeDamage,0.120,NA,NA,NA,NA,NA,NA,NA,0,NA,0
Head,239,Wagie Cap,WagieCap,Uncommon,0,-2,0,0,NA,0,0,Magnetism,0.500,NA,0.000,NA,NA,NA,NA,NA,NA,NA,0,NA,0
Face,240,Headphones,Headphones,Uncommon,0,-2,0,0,NA,0,0,Purveying,0.350,NA,0.000,NA,NA,NA,NA,NA,NA,NA,0,NA,0
Body,241,WGMI Shirt,WGMIShirt,Rare,0,-3,0,0,NA,0,0,ReduceMeleeDamage,0.080,Piercing,0.100,NA,NA,NA,NA,NA,NA,NA,0,NA,0
Head,242,Yellow Manbun,YellowManbun,Legendary,-2,-2,0,0,NA,0,0,DoubleStrikeChance,0.080,AttackRange,0.150,NA,NA,NA,NA,NA,NA,NA,0,NA,0
Eyes,243,Tinted Shades,TintedShades,Rare,0,-3,0,0,NA,0,0,ReduceRangedDamage,0.120,ReduceElementalDamage,0.100,NA,NA,NA,NA,NA,NA,NA,0,NA,0
Body,244,V-Neck Shirt,VNeckShirt,Rare,0,-3,0,0,NA,0,0,Evasion,0.050,SpecialCostReduction,0.080,NA,NA,NA,NA,NA,NA,NA,0,NA,0
Head,245,Gecko Hat,GeckoHat,Rare,0,0,-3,0,NA,0,0,SpecialCostReduction,0.150,Piercing,0.100,NA,NA,NA,NA,NA,NA,NA,0,NA,0
Eyes,246,APY Shades,APYShades,Uncommon,1,0,0,1,NA,0,0,Purveying,0.350,NA,0.000,NA,NA,NA,NA,NA,NA,NA,0,NA,0
Hand,247,Up Arrow,UpArrow,Uncommon,1,0,0,1,Magic,10,5,MoveSpeed,0.100,NA,0.000,Behold the power of up only magic internet money,Cast,Fire a slow moving projectile.,Beam,Charge up a deadly laser beam.,Blast,Unleash a devastating blast for maximum damage.,30,Front,0
Body,248,Up Only Shirt,UpOnlyShirt,Uncommon,1,0,0,1,NA,0,0,ApLeech,0.006,NA,0.000,NA,NA,NA,NA,NA,NA,NA,0,NA,0
Eyes,249,Gecko Eyes,GeckoEyes,Rare,0,0,-2,-1,NA,0,0,SpecialCooldownReduction,0.120,Purveying,0.100,NA,NA,NA,NA,NA,NA,NA,0,NA,0
Body,250,CoinGecko Tee,CoinGeckoTee,Rare,0,0,-2,-1,NA,0,0,CriticalDamage,0.300,DebuffEffectiveness,0.100,NA,NA,NA,NA,NA,NA,NA,0,NA,0
Hand,251,Candy Cane Lance,CandyJaar,Rare,0,0,-1,-2,Pierce,10,5,EssenceLeech,0.003,MoveSpeed,0.050,Pre-licked for maximum pointiness. ,Thrust,Poke them in the eye!,Drill Lunge,Charge your weapon and turn yourself into a dastardly drill. ,Air Lance,Jump into the air and descend upon your enemies with great power.,0,Front,0
Head,252,Aastronaut Helmet,AastronautHelmet,Common,0,0,1,0,NA,0,0,ReduceElementalDamage,0.100,NA,0.000,NA,NA,NA,NA,NA,NA,NA,0,NA,0
Body,253,Aastronaut Suit,AastronautSuit,Common,0,0,1,0,NA,0,0,ReduceRangedDamage,0.060,NA,0.000,NA,NA,NA,NA,NA,NA,NA,0,NA,0
Hand,254,uGOTCHI Token,uGOTCHIToken,Common,0,0,1,0,Shield,10,5,ReduceMeleeDamage,0.040,NA,0.000,School your opponent by absorbing their hit. ,Bash,Bash your enemies!,Block,Hold to block and absorb damage.,Wall,Create a temporay shield wall to greatly boost your defense.,0,Front,0
Head,255,Space Helmet,SpaceHelmet,Legendary,2,-2,0,0,NA,0,0,EssenceLeech,0.003,Magnetism,0.500,NA,NA,NA,NA,NA,NA,NA,0,NA,0
Body,256,Lil Bubble Space Suit,LilBubbleSpaceSuit,Legendary,2,-2,0,0,NA,0,0,HpLeech,0.004,Purveying,0.350,NA,NA,NA,NA,NA,NA,NA,0,NA,0
Hand,257,Bitcoin Guitar,BitcoinGuitar,Legendary,4,0,0,0,Smash,10,5,DoubleStrikeChance,0.080,CriticalDamage,0.300,Rock your opponents face off. ,Swipe,Smash them in the head!,Shockwave,Charge your weapon to unleash a stunning shockwave.,Ground Slam,Slam the ground- knocking back enemies and dealing damage.,0,Front,0
Body,258,Taoist Robe,TaoistRobe,Godlike,-3,0,0,3,NA,0,0,SpecialCostReduction,0.250,Evasion,0.075,NA,NA,NA,NA,NA,NA,NA,0,NA,0
Eyes,259,Bushy Eyebrows,BushyEyebrows,Godlike,-3,0,0,3,NA,0,0,AttackRange,0.250,Piercing,0.500,NA,NA,NA,NA,NA,NA,NA,0,NA,0
Face,260,Beard of Wisdom,BeardofWisdom,Godlike,-2,0,0,4,NA,0,0,CriticalDamage,0.550,DebuffEffectiveness,0.650,NA,NA,NA,NA,NA,NA,NA,0,NA,0
Pet,261,Aantenna Bot,AantennaBot,Mythical,0,-2,0,3,NA,0,0,ReduceRangedDamage,0.180,ApLeech,0.006,NA,NA,NA,NA,NA,NA,NA,0,NA,0
Eyes,262,Radar Eyes,RadarEyes,Mythical,0,-2,0,3,NA,0,0,ReduceRangedDamage,0.180,AttackRange,0.150,NA,NA,NA,NA,NA,NA,NA,0,NA,0
Face,263,Signal Headset,SignalHeadset,Mythical,0,-2,0,3,NA,0,0,Magnetism,0.900,AttackRange,0.150,NA,NA,NA,NA,NA,NA,NA,0,NA,0
Head,292,Brunette Ponytail,BrunettePonytail,Common,0,-1,0,0,NA,0,0,DoubleStrikeChance,0.050,NA,0.000,NA,NA,NA,NA,NA,NA,NA,0,NA,0
Body,293,Leather Tunic,LeatherTunic,Common,-1,0,0,0,NA,0,0,DoubleStrikeChance,0.050,NA,0.000,NA,NA,NA,NA,NA,NA,NA,0,NA,0
Hand,294,Bow and Arrow,BowandArrow,Common,0,-1,0,0,Ballistic,10,5,Piercing,0.100,NA,0.000,A tiny unimpressive bow capable of inflicting barely a flesh wound. ,Shot,Fire an arrow.,Snipe,Charge your weapon to fire a deadly aimed shot.,Explosion,Fire a shot which explodes on impact and deals damage to a large area.,0,Right,0
Face,295,Forked Beard,ForkedBeard,Common,0,1,0,0,NA,0,0,CriticalDamage,0.100,NA,0.000,NA,NA,NA,NA,NA,NA,NA,0,NA,0
Hand,296,Double-sided Axe,DoublesidedAxe,Uncommon,0,1,0,-1,Cleave,10,5,MoveSpeed,0.100,NA,0.000,Swing it any way you like really.,Slash,A quick slash.,Whirlwind,Hold attack to charge a deadly whirlwind.,Cyclone,Deploy a deadly cyclone.,0,Right,-45
Body,297,Animal Skins,AnimalSkins,Uncommon,0,2,0,0,NA,0,0,CriticalDamage,0.300,NA,0.000,NA,NA,NA,NA,NA,NA,NA,0,NA,0
Head,298,Horned Helmet,HornedHelmet,Common,0,0,0,-1,NA,0,0,CriticalDamage,0.100,NA,0.000,NA,NA,NA,NA,NA,NA,NA,0,NA,0
Hand,299,Longbow,Longbow,Uncommon,0,-1,0,1,Ballistic,10,5,DoubleStrikeChance,0.080,NA,0.000,A formidible bow.,Shot,Fire an arrow.,Snipe,Charge your weapon to fire a deadly aimed shot.,Explosion,Fire a shot which explodes on impact and deals damage to a large area.,0,Right,0
Head,300,Feathered Cap,FeatheredCap,Uncommon,-1,0,-1,0,NA,0,0,Evasion,0.050,NA,0.000,NA,NA,NA,NA,NA,NA,NA,0,NA,0
Eyes,301,Alluring Eyes,AlluringEyes,Rare,0,-2,0,1,NA,0,0,AttackRange,0.150,ReduceMeleeDamage,0.040,NA,NA,NA,NA,NA,NA,NA,0,NA,0
Head,302,Geisha Headpiece,GeishaHeadpiece,Rare,-2,-1,0,0,NA,0,0,ReduceRangedDamage,0.120,Magnetism,0.250,NA,NA,NA,NA,NA,NA,NA,0,NA,0
Body,303,Kimono,Kimono,Rare,-1,-2,0,0,NA,0,0,MoveSpeed,0.100,Magnetism,0.250,NA,NA,NA,NA,NA,NA,NA,0,NA,0
Hand,304,Paper Fan,PaperFan,Rare,0,-3,0,0,Shield,10,5,Evasion,0.050,MoveSpeed,0.050,This fan can deflect many a blow.,Bash,Bash your enemies!,Block,Hold to block and absorb damage.,Wall,Create a temporay shield wall to greatly boost your defense.,0,Front,0
Pet,305,Sus Butterfly,SusButterfly,Legendary,0,4,0,0,NA,0,0,MoveSpeed,0.100,EssenceLeech,0.003,NA,NA,NA,NA,NA,NA,NA,0,NA,0
Face,306,Flower Studs,FlowerStuds,Legendary,-2,0,-2,0,NA,0,0,ApLeech,0.006,SpecialCostReduction,0.150,NA,NA,NA,NA,NA,NA,NA,0,NA,0
Body,307,Fairy Wings,FairyWings,Legendary,-2,0,-2,0,NA,0,0,MoveSpeed,0.100,Purveying,0.350,NA,NA,NA,NA,NA,NA,NA,0,NA,0
Head,308,Red Hair,RedHair,Legendary,-2,0,-2,0,NA,0,0,AttackRange,0.150,Piercing,0.250,NA,NA,NA,NA,NA,NA,NA,0,NA,0
Head,309,Citaadel Helm,CitaadelHelm,Mythical,3,-2,0,0,NA,0,0,ReduceMeleeDamage,0.120,ReduceRangedDamage,0.120,NA,NA,NA,NA,NA,NA,NA,0,NA,0
Body,310,Plate Armor,PlateArmor,Mythical,3,-2,0,0,NA,0,0,ReduceMeleeDamage,0.120,ReduceElementalDamage,0.200,NA,NA,NA,NA,NA,NA,NA,0,NA,0
Hand,311,Spirit Sword,SpiritSword,Mythical,2,-3,0,0,Cleave,10,5,EssenceLeech,0.004,AttackRange,0.150,A mythical sword for the bravest knights.,Slash,A quick slash.,Whirlwind,Hold attack to charge a deadly whirlwind.,Cyclone,Deploy a deadly cyclone.,0,Right,0
Hand,312,Plate Shield,PlateShield,Mythical,0,-5,0,0,Shield,10,5,ReduceRangedDamage,0.180,ReduceMeleeDamage,0.080,Offers maximum protection.,Bash,Bash your enemies with your shield.,Block,Hold to block and absorb damage.,Wall,Create a temporay shield wall to greatly boost your defense.,0,Front,0
Head,313,Kabuto Helmet,KabutoHelmet,Godlike,0,3,3,0,NA,0,0,CriticalDamage,0.550,EssenceLeech,0.004,NA,NA,NA,NA,NA,NA,NA,0,NA,0
Body,314,Yoroi Armor,YoroiArmor,Godlike,0,3,3,0,NA,0,0,CriticalDamage,0.550,Evasion,0.075,NA,NA,NA,NA,NA,NA,NA,0,NA,0
Hand,315,Haanzo Katana,HaanzoKatana,Godlike,0,2,4,0,Cleave,10,5,EssenceLeech,0.004,DoubleStrikeChance,0.120,A godlike katana crafted by none other than Haatori Haanzo. ,Slash,A quick slash.,Whirlwind,Hold attack to charge a deadly whirlwind.,Cyclone,Deploy a deadly cyclone.,0,Right,0
Body,350,Pixelcraft Tee,PixelcraftTee,Common,1,0,0,0,NA,0,0,MoveSpeed,0.050,NA,0.000,NA,NA,NA,NA,NA,NA,NA,0,NA,0
Eyes,351,3D Glasses,_3DGlasses,Common,0,0,0,1,NA,0,0,Magnetism,0.250,NA,0.000,NA,NA,NA,NA,NA,NA,NA,0,NA,0
Hand,352,Pixelcraft Square,PixelcraftSquare,Common,0,0,-1,0,Magic,10,5,ApLeech,0.004,NA,0.000,A small commemorative square dedicated to the ancient art of pixel crafting. ,Cast,Fire a slow moving projectile.,Beam,Charge up a deadly laser beam.,Blast,Unleash a devastating blast for maximum damage.,0,Front,0
Pet,353,Nimbus,Nimbus,Common,0,-1,0,0,NA,0,0,MoveSpeed,0.050,NA,0.000,NA,NA,NA,NA,NA,NA,NA,0,NA,0
Body,354,Alchemica Apron,AlchemicaApron,Uncommon,1,0,0,-1,NA,0,0,SpecialCostReduction,0.150,NA,0.000,NA,NA,NA,NA,NA,NA,NA,0,NA,0
Eyes,355,Safety Glasses,SafetyGlasses,Rare,1,2,0,0,NA,0,0,Piercing,0.250,ReduceMeleeDamage,0.040,NA,NA,NA,NA,NA,NA,NA,0,NA,0
Face,356,Bandage,Bandage,Uncommon,0,0,1,-1,NA,0,0,ReduceMeleeDamage,0.080,NA,0.000,NA,NA,NA,NA,NA,NA,NA,0,NA,0
Hand,357,Nail Gun,NailGun,Rare,1,0,2,0,Ballistic,10,5,DoubleStrikeChance,0.120,NA,0.000,A heavily modified nail gun with the safety removed. ,Shot,Fire magical nails.,Snipe,Charge your weapon to fire a deadly aimed shot.,Explosion,Fire a shot which explodes on impact and deals damage to a large area.,0,Right,0
Body,358,Flaming Apron,FlamingApron,Legendary,-2,-2,0,0,NA,0,0,ReduceRangedDamage,0.120,ReduceElementalDamage,0.200,NA,NA,NA,NA,NA,NA,NA,0,NA,0
Eyes,359,Forge Goggles,ForgeGoggles,Legendary,-1,-3,0,0,NA,0,0,Purveying,0.650,ReduceMeleeDamage,0.040,NA,NA,NA,NA,NA,NA,NA,0,NA,0
Hand,360,Geode Smasher,GeodeSmasher,Legendary,0,0,2,2,Smash,10,5,DoubleStrikeChance,0.080,Purveying,0.350,A legendary hammer forged in the fires of Mount Fomo. ,Swipe,Smash them in the head!,Shockwave,Charge your weapon to unleash a stunning shockwave.,Ground Slam,Slam the ground- knocking back enemies and dealing damage.,0,Right,0
Pet,361,Geo,Geo,Legendary,0,-2,2,0,NA,0,0,ReduceMeleeDamage,0.080,Purveying,0.350,NA,NA,NA,NA,NA,NA,NA,0,NA,0
Body,362,FAKE Shirt,FAKEShirt,Mythical,0,0,-4,-1,NA,0,0,Magnetism,0.900,Piercing,0.500,NA,NA,NA,NA,NA,NA,NA,0,NA,0
Head,363,FAKE Beret,FAKEBeret,Mythical,-3,0,0,-2,NA,0,0,DoubleStrikeChance,0.120,DebuffEffectiveness,0.350,NA,NA,NA,NA,NA,NA,NA,0,NA,0
Hand,364,Paint Brush,PaintBrush,Mythical,-3,0,-2,0,Splash,10,5,DebuffEffectiveness,0.650,CriticalDamage,0.300,A mythical paintbrush belonging to the late Vincent van Gotchi. ,Lob,Lob a deadly blob of paint at your enemies. Explodes on impact.,Volley,Charge your weapon to lob a volley of explosives at your enemies.,Bomb,Lob one hella powerful bomb at your enemies.,0,Front,0
Hand,365,Paint Palette,PaintPalette,Mythical,0,0,-1,-4,Shield,10,5,DebuffEffectiveness,0.650,ReduceElementalDamage,0.200,A mythical paint palette of incredible fortitude,Bash,Bash your enemies!,Block,Hold to block and absorb damage.,Wall,Create a temporay shield wall to greatly boost your defense.,0,Front,0
Body,366,Heavenly Robes,HeavenlyRobes,Godlike,4,0,0,-2,NA,0,0,HpLeech,0.005,ReduceRangedDamage,0.120,NA,NA,NA,NA,NA,NA,NA,0,NA,0
Eyes,367,Eyes of Devotion,EyesofDevotion,Godlike,0,0,-3,-3,NA,0,0,ApLeech,0.008,CriticalDamage,0.550,NA,NA,NA,NA,NA,NA,NA,0,NA,0
Face,368,Beard of Divinity,BeardofDivinity,Godlike,0,0,-3,-3,NA,0,0,DoubleStrikeChance,0.120,SpecialCooldownReduction,0.200,NA,NA,NA,NA,NA,NA,NA,0,NA,0
Hand,369,Staff of Creation,StaffofCreation,Godlike,0,0,-3,-3,Smash,10,5,MoveSpeed,0.150,DoubleStrikeChance,0.120,A godlike combat staff once wielded by the legendary master creatooor ,Swipe,Smash them in the head!,Shockwave,Charge your weapon to unleash a stunning shockwave.,Ground Slam,Slam the ground- knocking back enemies and dealing damage.,0,Front,0
Head,370,Wavy Hair,WavyHair,Common,1,0,0,0,NA,0,0,EssenceLeech,0.002,NA,0.000,NA,NA,NA,NA,NA,NA,NA,0,NA,0
Face,371,Plastic Earrings,PlasticEarrings,Common,1,0,0,0,NA,0,0,ApLeech,0.004,NA,0.000,NA,NA,NA,NA,NA,NA,NA,0,NA,0
Body,372,Party Dress,PartyDress,Common,0,0,0,1,NA,0,0,HpLeech,0.003,NA,0.000,NA,NA,NA,NA,NA,NA,NA,0,NA,0
Body,373,Overalls,Overalls,Uncommon,0,0,-2,0,NA,0,0,MoveSpeed,0.100,NA,0.000,NA,NA,NA,NA,NA,NA,NA,0,NA,0
Pet,374,Lens n Frens Plant,LensnFrensPlant,Rare,2,0,0,-1,NA,0,0,ApLeech,0.008,NA,0.000,NA,NA,NA,NA,NA,NA,NA,0,NA,0
Hand,375,GM Seed Shooter,GMSeeds,Common,0,0,-1,0,Ballistic,10,5,ApLeech,0.004,NA,0.000,GM. Say it back or pay the price.,Shot,Fire a seed.,Snipe,Charge your weapon to fire a deadly aimed shot.,Explosion,Fire a shot which explodes on impact and deals damage to a large area.,5,Front,0
Head,376,Lick Brain,LickBrain,Rare,0,2,0,-1,NA,0,0,ReduceMeleeDamage,0.080,DebuffEffectiveness,0.100,NA,NA,NA,NA,NA,NA,NA,0,NA,0
Eyes,377,Lick Eyes,LickEyes,Uncommon,0,0,-2,0,NA,0,0,DoubleStrikeChance,0.080,NA,0.000,NA,NA,NA,NA,NA,NA,NA,0,NA,0
Face,378,Lick Tongue,LickTongue,Rare,0,0,-3,0,NA,0,0,Purveying,0.350,SpecialCooldownReduction,0.050,NA,NA,NA,NA,NA,NA,NA,0,NA,0
Hand,379,Lick Tentacle,LickTentacle,Rare,-3,0,0,0,Smash,10,5,DoubleStrikeChance,0.120,NA,0.000,A tentacle ripped from your mortal enemy. It’s still pulsing. ,Swipe,Smash them in the head!,Shockwave,Charge your weapon to unleash a stunning shockwave.,Ground Slam,Slam the ground- knocking back enemies and dealing damage.,0,Front,0
Head,380,Sebastien Hair,SebastienHair,Legendary,2,0,-2,0,NA,0,0,ApLeech,0.006,Magnetism,0.500,NA,NA,NA,NA,NA,NA,NA,0,NA,0
Eyes,381,Voxel Eyes,VoxelEyes,Legendary,1,-2,0,0,NA,0,0,ReduceRangedDamage,0.120,ReduceElementalDamage,0.200,NA,NA,NA,NA,NA,NA,NA,0,NA,0
Face,382,GOAT-ee,GOATee,Legendary,1,-2,0,0,NA,0,0,DebuffEffectiveness,0.350,Piercing,0.250,NA,NA,NA,NA,NA,NA,NA,0,NA,0
Body,383,Sandbox Hoodie,SandboxHoodie,Legendary,3,-1,0,0,NA,0,0,DoubleStrikeChance,0.080,AttackRange,0.150,NA,NA,NA,NA,NA,NA,NA,0,NA,0
Face,384,Faangs,Faangs,Mythical,0,0,5,0,NA,0,0,Piercing,0.500,CriticalDamage,0.300,NA,NA,NA,NA,NA,NA,NA,0,NA,0
Eyes,385,Block Scanners,BlockScanners,Godlike,6,0,0,0,NA,0,0,CriticalDamage,0.550,Purveying,0.650,NA,NA,NA,NA,NA,NA,NA,0,NA,0
Hand,386,Staff of Charming,StaffofCharming,Godlike,-4,0,0,-2,Pierce,10,5,HpLeech,0.005,MoveSpeed,0.150,Legends claim this heavenly spear bestowed consciousness upon the rofl frog race. ,Thrust,Poke them in the eye!,Drill Lunge,Charge your weapon and turn yourself into a dastardly drill. ,Air Lance,Jump into the air and descend upon your enemies with great power.,0,Front,0
Head,387,Roflnoggin,Roflnoggin,Godlike,0,0,0,-6,NA,0,0,CriticalDamage,0.550,Evasion,0.075,NA,NA,NA,NA,NA,NA,NA,0,NA,0
Eyes,388,Granny Glasses,GrannyGlasses,Common,-1,0,0,0,NA,0,0,Purveying,0.100,NA,0.000,NA,NA,NA,NA,NA,NA,NA,0,NA,0
Face,389,Freckles,Freckles,Common,0,-1,0,0,NA,0,0,Evasion,0.025,NA,0.000,NA,NA,NA,NA,NA,NA,NA,0,NA,0
Pet,390,Common Stohn,CommonStohn,Common,0,0,0,1,NA,0,0,ReduceMeleeDamage,0.040,NA,0.000,NA,NA,NA,NA,NA,NA,NA,0,NA,0
Eyes,391,Based Shades,BasedShades,Uncommon,0,2,0,0,NA,0,0,CriticalDamage,0.300,NA,0.000,NA,NA,NA,NA,NA,NA,NA,0,NA,0
Eyes,392,Rasta Glasses,RastaGlasses,Uncommon,0,-2,0,0,NA,0,0,DebuffEffectiveness,0.350,NA,0.000,NA,NA,NA,NA,NA,NA,NA,0,NA,0
Face,393,Braces,Braces,Uncommon,-1,1,0,0,NA,0,0,Magnetism,0.500,NA,0.000,NA,NA,NA,NA,NA,NA,NA,0,NA,0
Pet,394,Uncommon Stohn,UncommonStohn,Uncommon,0,0,1,1,NA,0,0,ReduceMeleeDamage,0.080,NA,0.000,NA,NA,NA,NA,NA,NA,NA,0,NA,0
Face,395,Aloha Flowers,AlohaFlowers,Rare,-3,0,0,0,NA,0,0,SpecialCooldownReduction,0.200,NA,0.000,NA,NA,NA,NA,NA,NA,NA,0,NA,0
Face,396,Baable Gum,BaableGum,Rare,3,0,0,0,NA,0,0,MoveSpeed,0.1,DoubleStrikeChance,0.050,NA,NA,NA,NA,NA,NA,NA,0,NA,0
Pet,397,Rare Stohn,RareStohn,Rare,0,0,2,1,NA,0,0,ReduceMeleeDamage,0.12,NA,0.000,NA,NA,NA,NA,NA,NA,NA,0,NA,0
Face,398,Cheap Mask,CheapMask,Legendary,2,2,0,0,NA,0,0,ReduceElementalDamage,0.3,EssenceLeech,0.0015,NA,NA,NA,NA,NA,NA,NA,0,NA,0
Pet,399,Wild Fungi,WildFungi,Legendary,0,-2,-2,0,NA,0,0,ApLeech,0.006,HpLeech,0.0035,NA,NA,NA,NA,NA,NA,NA,0,NA,0
Face,400,Kawaii Mouth,KawaiiMouth,Mythical,0,0,0,-5,NA,0,0,SpecialCostReduction,0.25,Evasion,0.050,NA,NA,NA,NA,NA,NA,NA,0,NA,0
Pet,401,Baby Licky,BabyLicky,Mythical,2,0,0,-3,NA,0,0,EssenceLeech,0.0035,ApLeech,0.006,NA,NA,NA,NA,NA,NA,NA,0,NA,0
Hand,998,Slicks Surfboard,SlicksSurfboard,Rare,3,0,0,0,Pierce,10,5,MoveSpeed,0.150,NA,0.000,A gnarly surfboard with a very sharp point.,Thrust,Poke them in the eye!,Drill Lunge,Charge your weapon and turn yourself into a dastardly drill. ,Air Lance,Jump into the air and descend upon your enemies with great power.,0,Front,0
Hand,999,Olivers Spoon,OliversSpoon,Common,0,1,0,0,Cleave,10,5,CriticalDamage,0.100,NA,0.000,For slashing baddies and eating porridge.,Slash,A quick slash.,Whirlwind,Hold attack to charge a deadly whirlwind.,Cyclone,Deploy a deadly cyclone.,0,Right,0
Hand,1000,Unarmed,Unarmed,NA,0,0,0,0,Unarmed,0,0,NA,0.000,NA,0.000,Raw naked power.,Punch,Raw naked power.,NA,NA,NA,NA,0,Front,0